#term ID	term description	observed gene count	background gene count	strength	false discovery rate	matching proteins in your network (IDs)	matching proteins in your network (labels)
hsa05206	MicroRNAs in cancer	70	159	1.14	2.22e-47	9606.ENSP00000212015,9606.ENSP00000216117,9606.ENSP00000225512,9606.ENSP00000227507,9606.ENSP00000228872,9606.ENSP00000244745,9606.ENSP00000245960,9606.ENSP00000249501,9606.ENSP00000256078,9606.ENSP00000256646,9606.ENSP00000257430,9606.ENSP00000260356,9606.ENSP00000261254,9606.ENSP00000262904,9606.ENSP00000264657,9606.ENSP00000264731,9606.ENSP00000265734,9606.ENSP00000266085,9606.ENSP00000267101,9606.ENSP00000269305,9606.ENSP00000269571,9606.ENSP00000275493,9606.ENSP00000280154,9606.ENSP00000290341,9606.ENSP00000293379,9606.ENSP00000302486,9606.ENSP00000303706,9606.ENSP00000304895,9606.ENSP00000307272,9606.ENSP00000307305,9606.ENSP00000311032,9606.ENSP00000317272,9606.ENSP00000330382,9606.ENSP00000339824,9606.ENSP00000345571,9606.ENSP00000346508,9606.ENSP00000346697,9606.ENSP00000348056,9606.ENSP00000351022,9606.ENSP00000354487,9606.ENSP00000354558,9606.ENSP00000355249,9606.ENSP00000356438,9606.ENSP00000358548,9606.ENSP00000361021,9606.ENSP00000361405,9606.ENSP00000361423,9606.ENSP00000362649,9606.ENSP00000363708,9606.ENSP00000364163,9606.ENSP00000370128,9606.ENSP00000373272,9606.ENSP00000376943,9606.ENSP00000381185,9606.ENSP00000384849,9606.ENSP00000398632,9606.ENSP00000400175,9606.ENSP00000401303,9606.ENSP00000408695,9606.ENSP00000428056,9606.ENSP00000429089,9606.ENSP00000430432,9606.ENSP00000437256,9606.ENSP00000437621,9606.ENSP00000446007,9606.ENSP00000452786,9606.ENSP00000478887,9606.ENSP00000487174,9606.ENSP00000496577,9606.ENSP00000498587	SIRT1,HMOX1,WNT3,CCND1,CDKN1B,SOX4,CDC25B,HOXD10,KRAS,NOTCH2,APC,THBS1,CCND2,E2F3,STAT3,TP63,CDK6,TIMP3,ERBB3,TP53,ERBB2,EGFR,PDCD4,IGF2BP1,ITGA5,MAP2K1,CDC25A,IRS1,RPTOR,DDIT4,CASP3,MET,PDGFB,FGFR3,E2F1,PDGFA,BMF,UBE2I,TPM1,ZEB1,MTOR,E2F2,PTGS2,NRAS,PTEN,MMP9,ABL1,HDAC1,BMPR2,NOTCH4,SLC7A1,TRIM71,BCL2L11,BCL2,CDKN1A,CD44,RHOA,SHC1,PRKCA,PIK3R1,CCNE2,HDAC2,DICER1,HMGA2,VIM,ITGB3,MYC,ZEB2,SOCS1,NOTCH1
hsa05200	Pathways in cancer	103	515	0.8	6.39e-44	9606.ENSP00000216117,9606.ENSP00000225512,9606.ENSP00000227163,9606.ENSP00000227507,9606.ENSP00000228872,9606.ENSP00000254958,9606.ENSP00000256078,9606.ENSP00000256646,9606.ENSP00000257430,9606.ENSP00000258341,9606.ENSP00000261254,9606.ENSP00000261349,9606.ENSP00000262160,9606.ENSP00000262904,9606.ENSP00000263734,9606.ENSP00000264144,9606.ENSP00000264634,9606.ENSP00000264657,9606.ENSP00000265165,9606.ENSP00000265734,9606.ENSP00000267163,9606.ENSP00000267843,9606.ENSP00000269305,9606.ENSP00000269571,9606.ENSP00000275493,9606.ENSP00000286301,9606.ENSP00000287820,9606.ENSP00000288135,9606.ENSP00000293549,9606.ENSP00000296585,9606.ENSP00000300305,9606.ENSP00000301838,9606.ENSP00000302486,9606.ENSP00000302625,9606.ENSP00000306245,9606.ENSP00000306512,9606.ENSP00000308541,9606.ENSP00000311032,9606.ENSP00000311405,9606.ENSP00000312999,9606.ENSP00000317272,9606.ENSP00000317985,9606.ENSP00000322788,9606.ENSP00000326119,9606.ENSP00000330237,9606.ENSP00000330382,9606.ENSP00000331902,9606.ENSP00000332973,9606.ENSP00000339824,9606.ENSP00000340347,9606.ENSP00000341032,9606.ENSP00000341551,9606.ENSP00000345571,9606.ENSP00000346508,9606.ENSP00000346839,9606.ENSP00000351490,9606.ENSP00000351905,9606.ENSP00000353654,9606.ENSP00000354558,9606.ENSP00000355249,9606.ENSP00000355718,9606.ENSP00000356438,9606.ENSP00000358548,9606.ENSP00000358918,9606.ENSP00000360266,9606.ENSP00000360730,9606.ENSP00000361021,9606.ENSP00000361066,9606.ENSP00000361405,9606.ENSP00000361423,9606.ENSP00000361892,9606.ENSP00000362649,9606.ENSP00000363822,9606.ENSP00000364163,9606.ENSP00000364979,9606.ENSP00000365230,9606.ENSP00000368104,9606.ENSP00000368880,9606.ENSP00000371067,9606.ENSP00000376436,9606.ENSP00000376943,9606.ENSP00000381185,9606.ENSP00000384849,9606.ENSP00000391803,9606.ENSP00000398832,9606.ENSP00000399324,9606.ENSP00000400175,9606.ENSP00000400717,9606.ENSP00000404503,9606.ENSP00000405330,9606.ENSP00000408695,9606.ENSP00000428056,9606.ENSP00000429089,9606.ENSP00000430432,9606.ENSP00000434516,9606.ENSP00000437955,9606.ENSP00000447297,9606.ENSP00000448165,9606.ENSP00000478887,9606.ENSP00000495360,9606.ENSP00000497069,9606.ENSP00000498587,9606.ENSP00000499900	HMOX1,WNT3,SPI1,CCND1,CDKN1B,JAG1,KRAS,NOTCH2,APC,LAMC1,CCND2,LRP6,SMAD2,E2F3,EPAS1,LAMC2,WNT5A,STAT3,LEF1,CDK6,RB1,FGF7,TP53,ERBB2,EGFR,CSF1R,PPARG,KIT,WNT1,ITGA2,RUNX1,FADD,MAP2K1,AXIN2,FOS,CXCL8,F2,CASP3,ADCY6,GNAI2,MET,ROCK2,MMP1,PMAIP1,CASP9,PDGFB,COL4A5,SMAD3,FGFR3,TCF7,WNT7B,SMAD4,E2F1,PDGFA,FN1,MAX,TGFBR2,COL4A2,MTOR,E2F2,DLL1,PTGS2,NRAS,SUFU,JUN,IL13RA1,PTEN,NCOA3,MMP9,ABL1,STK4,HDAC1,AR,NOTCH4,COL4A1,BCL2L1,BMP2,FOXO1,JAK2,ETS1,BCL2L11,BCL2,CDKN1A,MITF,AGTR1,FGF16,RHOA,GNA13,BBC3,ESR1,PRKCA,PIK3R1,CCNE2,HDAC2,TXNRD1,HIF1A,TGFBR1,APAF1,MYC,CTNNB1,IGF1R,NOTCH1,JAK1
hsa04151	PI3K-Akt signaling pathway	62	349	0.74	2.62e-23	9606.ENSP00000200181,9606.ENSP00000225964,9606.ENSP00000227507,9606.ENSP00000228872,9606.ENSP00000256078,9606.ENSP00000258341,9606.ENSP00000260356,9606.ENSP00000261254,9606.ENSP00000262133,9606.ENSP00000262187,9606.ENSP00000264144,9606.ENSP00000265734,9606.ENSP00000267101,9606.ENSP00000267843,9606.ENSP00000269305,9606.ENSP00000269571,9606.ENSP00000275493,9606.ENSP00000286301,9606.ENSP00000288135,9606.ENSP00000293379,9606.ENSP00000296585,9606.ENSP00000297268,9606.ENSP00000302486,9606.ENSP00000304895,9606.ENSP00000307272,9606.ENSP00000307305,9606.ENSP00000317272,9606.ENSP00000317904,9606.ENSP00000324804,9606.ENSP00000325074,9606.ENSP00000330237,9606.ENSP00000330382,9606.ENSP00000331902,9606.ENSP00000336790,9606.ENSP00000339527,9606.ENSP00000339824,9606.ENSP00000344220,9606.ENSP00000346508,9606.ENSP00000346839,9606.ENSP00000353654,9606.ENSP00000354558,9606.ENSP00000357804,9606.ENSP00000358548,9606.ENSP00000359552,9606.ENSP00000361021,9606.ENSP00000363089,9606.ENSP00000364979,9606.ENSP00000365230,9606.ENSP00000371067,9606.ENSP00000376943,9606.ENSP00000381185,9606.ENSP00000384849,9606.ENSP00000387699,9606.ENSP00000399324,9606.ENSP00000408695,9606.ENSP00000428056,9606.ENSP00000429089,9606.ENSP00000451506,9606.ENSP00000452786,9606.ENSP00000478887,9606.ENSP00000497069,9606.ENSP00000499900	ITGB4,COL1A1,CCND1,CDKN1B,KRAS,LAMC1,THBS1,CCND2,RBL2,RHEB,LAMC2,CDK6,ERBB3,FGF7,TP53,ERBB2,EGFR,CSF1R,KIT,ITGA5,ITGA2,COL1A2,MAP2K1,IRS1,RPTOR,DDIT4,MET,GYS1,PPP2R1A,PPP2R2A,CASP9,PDGFB,COL4A5,ATF4,FOXO3,FGFR3,PDPK1,PDGFA,FN1,COL4A2,MTOR,THEM4,NRAS,PKN2,PTEN,TLR4,COL4A1,BCL2L1,JAK2,BCL2L11,BCL2,CDKN1A,CREB1,FGF16,PRKCA,PIK3R1,CCNE2,TCL1A,ITGB3,MYC,IGF1R,JAK1
hsa05165	Human papillomavirus infection	59	324	0.75	1.00e-22	9606.ENSP00000200181,9606.ENSP00000225512,9606.ENSP00000225964,9606.ENSP00000227507,9606.ENSP00000228872,9606.ENSP00000254958,9606.ENSP00000256078,9606.ENSP00000256646,9606.ENSP00000257430,9606.ENSP00000258341,9606.ENSP00000260356,9606.ENSP00000261254,9606.ENSP00000262133,9606.ENSP00000262187,9606.ENSP00000264144,9606.ENSP00000264634,9606.ENSP00000264649,9606.ENSP00000265734,9606.ENSP00000267163,9606.ENSP00000269305,9606.ENSP00000275493,9606.ENSP00000293379,9606.ENSP00000293549,9606.ENSP00000295797,9606.ENSP00000296585,9606.ENSP00000297268,9606.ENSP00000301838,9606.ENSP00000302486,9606.ENSP00000302625,9606.ENSP00000311032,9606.ENSP00000324804,9606.ENSP00000325074,9606.ENSP00000329967,9606.ENSP00000331902,9606.ENSP00000340347,9606.ENSP00000341032,9606.ENSP00000345571,9606.ENSP00000346839,9606.ENSP00000353654,9606.ENSP00000354558,9606.ENSP00000356438,9606.ENSP00000358548,9606.ENSP00000361021,9606.ENSP00000362649,9606.ENSP00000364163,9606.ENSP00000364979,9606.ENSP00000368880,9606.ENSP00000384849,9606.ENSP00000387699,9606.ENSP00000398698,9606.ENSP00000428056,9606.ENSP00000429089,9606.ENSP00000430282,9606.ENSP00000430432,9606.ENSP00000452786,9606.ENSP00000464030,9606.ENSP00000495360,9606.ENSP00000498587,9606.ENSP00000499900	ITGB4,WNT3,COL1A1,CCND1,CDKN1B,JAG1,KRAS,NOTCH2,APC,LAMC1,THBS1,CCND2,RBL2,RHEB,LAMC2,WNT5A,ATP6V0A1,CDK6,RB1,TP53,EGFR,ITGA5,WNT1,PRKCI,ITGA2,COL1A2,FADD,MAP2K1,AXIN2,CASP3,PPP2R1A,PPP2R2A,TBK1,COL4A5,TCF7,WNT7B,E2F1,FN1,COL4A2,MTOR,PTGS2,NRAS,PTEN,HDAC1,NOTCH4,COL4A1,FOXO1,CDKN1A,CREB1,TNF,PIK3R1,CCNE2,ATP6V1C1,HDAC2,ITGB3,IKBKE,CTNNB1,NOTCH1,JAK1
hsa05224	Breast cancer	41	146	0.94	1.47e-21	9606.ENSP00000225512,9606.ENSP00000227507,9606.ENSP00000254958,9606.ENSP00000256078,9606.ENSP00000256646,9606.ENSP00000257430,9606.ENSP00000261349,9606.ENSP00000262904,9606.ENSP00000264634,9606.ENSP00000265165,9606.ENSP00000265734,9606.ENSP00000267163,9606.ENSP00000267843,9606.ENSP00000269305,9606.ENSP00000269571,9606.ENSP00000275493,9606.ENSP00000288135,9606.ENSP00000293549,9606.ENSP00000302486,9606.ENSP00000302625,9606.ENSP00000306245,9606.ENSP00000340347,9606.ENSP00000341032,9606.ENSP00000345571,9606.ENSP00000354558,9606.ENSP00000355249,9606.ENSP00000355718,9606.ENSP00000358548,9606.ENSP00000360266,9606.ENSP00000361021,9606.ENSP00000361066,9606.ENSP00000364163,9606.ENSP00000384849,9606.ENSP00000399324,9606.ENSP00000401303,9606.ENSP00000405330,9606.ENSP00000428056,9606.ENSP00000478887,9606.ENSP00000495360,9606.ENSP00000497069,9606.ENSP00000498587	WNT3,CCND1,JAG1,KRAS,NOTCH2,APC,LRP6,E2F3,WNT5A,LEF1,CDK6,RB1,FGF7,TP53,ERBB2,EGFR,KIT,WNT1,MAP2K1,AXIN2,FOS,TCF7,WNT7B,E2F1,MTOR,E2F2,DLL1,NRAS,JUN,PTEN,NCOA3,NOTCH4,CDKN1A,FGF16,SHC1,ESR1,PIK3R1,MYC,CTNNB1,IGF1R,NOTCH1
hsa05215	Prostate cancer	33	97	1.03	1.90e-19	9606.ENSP00000227507,9606.ENSP00000228872,9606.ENSP00000256078,9606.ENSP00000262904,9606.ENSP00000265165,9606.ENSP00000267163,9606.ENSP00000269305,9606.ENSP00000269571,9606.ENSP00000275493,9606.ENSP00000299855,9606.ENSP00000302486,9606.ENSP00000330237,9606.ENSP00000330382,9606.ENSP00000336790,9606.ENSP00000340347,9606.ENSP00000344220,9606.ENSP00000345571,9606.ENSP00000346508,9606.ENSP00000354487,9606.ENSP00000354558,9606.ENSP00000355249,9606.ENSP00000358548,9606.ENSP00000361021,9606.ENSP00000361405,9606.ENSP00000363822,9606.ENSP00000368880,9606.ENSP00000381185,9606.ENSP00000384849,9606.ENSP00000387699,9606.ENSP00000428056,9606.ENSP00000429089,9606.ENSP00000495360,9606.ENSP00000497069	CCND1,CDKN1B,KRAS,E2F3,LEF1,RB1,TP53,ERBB2,EGFR,MMP3,MAP2K1,CASP9,PDGFB,ATF4,TCF7,PDPK1,E2F1,PDGFA,ZEB1,MTOR,E2F2,NRAS,PTEN,MMP9,AR,FOXO1,BCL2,CDKN1A,CREB1,PIK3R1,CCNE2,CTNNB1,IGF1R
hsa05225	Hepatocellular carcinoma	40	161	0.89	1.90e-19	9606.ENSP00000216117,9606.ENSP00000225512,9606.ENSP00000227507,9606.ENSP00000256078,9606.ENSP00000257430,9606.ENSP00000261349,9606.ENSP00000262160,9606.ENSP00000262904,9606.ENSP00000264634,9606.ENSP00000265165,9606.ENSP00000265734,9606.ENSP00000267163,9606.ENSP00000269305,9606.ENSP00000275493,9606.ENSP00000293549,9606.ENSP00000302486,9606.ENSP00000302625,9606.ENSP00000317272,9606.ENSP00000320485,9606.ENSP00000332973,9606.ENSP00000335044,9606.ENSP00000340347,9606.ENSP00000341032,9606.ENSP00000341551,9606.ENSP00000345571,9606.ENSP00000351905,9606.ENSP00000354558,9606.ENSP00000355249,9606.ENSP00000358548,9606.ENSP00000361021,9606.ENSP00000365230,9606.ENSP00000384849,9606.ENSP00000401303,9606.ENSP00000408695,9606.ENSP00000428056,9606.ENSP00000434516,9606.ENSP00000447297,9606.ENSP00000478887,9606.ENSP00000495360,9606.ENSP00000497069	HMOX1,WNT3,CCND1,KRAS,APC,LRP6,SMAD2,E2F3,WNT5A,LEF1,CDK6,RB1,TP53,EGFR,WNT1,MAP2K1,AXIN2,MET,ARID1A,SMAD3,ARID2,TCF7,WNT7B,SMAD4,E2F1,TGFBR2,MTOR,E2F2,NRAS,PTEN,BCL2L1,CDKN1A,SHC1,PRKCA,PIK3R1,TXNRD1,TGFBR1,MYC,CTNNB1,IGF1R
hsa05205	Proteoglycans in cancer	43	194	0.84	1.99e-19	9606.ENSP00000225512,9606.ENSP00000225964,9606.ENSP00000227507,9606.ENSP00000229307,9606.ENSP00000249501,9606.ENSP00000256078,9606.ENSP00000260356,9606.ENSP00000262160,9606.ENSP00000264634,9606.ENSP00000264657,9606.ENSP00000266085,9606.ENSP00000267101,9606.ENSP00000269305,9606.ENSP00000269571,9606.ENSP00000275493,9606.ENSP00000280154,9606.ENSP00000293379,9606.ENSP00000293549,9606.ENSP00000296585,9606.ENSP00000297268,9606.ENSP00000302486,9606.ENSP00000311032,9606.ENSP00000317272,9606.ENSP00000317985,9606.ENSP00000341032,9606.ENSP00000344220,9606.ENSP00000346839,9606.ENSP00000354558,9606.ENSP00000358548,9606.ENSP00000361405,9606.ENSP00000363089,9606.ENSP00000384849,9606.ENSP00000398632,9606.ENSP00000398698,9606.ENSP00000400175,9606.ENSP00000405330,9606.ENSP00000408695,9606.ENSP00000428056,9606.ENSP00000437955,9606.ENSP00000452786,9606.ENSP00000478887,9606.ENSP00000495360,9606.ENSP00000497069	WNT3,COL1A1,CCND1,NANOG,HOXD10,KRAS,THBS1,SMAD2,WNT5A,STAT3,TIMP3,ERBB3,TP53,ERBB2,EGFR,PDCD4,ITGA5,WNT1,ITGA2,COL1A2,MAP2K1,CASP3,MET,ROCK2,WNT7B,PDPK1,FN1,MTOR,NRAS,MMP9,TLR4,CDKN1A,CD44,TNF,RHOA,ESR1,PRKCA,PIK3R1,HIF1A,ITGB3,MYC,CTNNB1,IGF1R
hsa05226	Gastric cancer	38	146	0.91	3.23e-19	9606.ENSP00000225512,9606.ENSP00000227507,9606.ENSP00000228872,9606.ENSP00000256078,9606.ENSP00000257430,9606.ENSP00000261349,9606.ENSP00000262160,9606.ENSP00000262904,9606.ENSP00000264634,9606.ENSP00000265165,9606.ENSP00000267163,9606.ENSP00000267843,9606.ENSP00000269305,9606.ENSP00000269571,9606.ENSP00000275493,9606.ENSP00000293549,9606.ENSP00000302486,9606.ENSP00000302625,9606.ENSP00000317272,9606.ENSP00000332973,9606.ENSP00000340347,9606.ENSP00000341032,9606.ENSP00000341551,9606.ENSP00000345571,9606.ENSP00000351905,9606.ENSP00000354558,9606.ENSP00000355249,9606.ENSP00000358548,9606.ENSP00000370408,9606.ENSP00000381185,9606.ENSP00000384849,9606.ENSP00000399324,9606.ENSP00000401303,9606.ENSP00000428056,9606.ENSP00000429089,9606.ENSP00000447297,9606.ENSP00000478887,9606.ENSP00000495360	WNT3,CCND1,CDKN1B,KRAS,APC,LRP6,SMAD2,E2F3,WNT5A,LEF1,RB1,FGF7,TP53,ERBB2,EGFR,WNT1,MAP2K1,AXIN2,MET,SMAD3,TCF7,WNT7B,SMAD4,E2F1,TGFBR2,MTOR,E2F2,NRAS,CDX2,BCL2,CDKN1A,FGF16,SHC1,PIK3R1,CCNE2,TGFBR1,MYC,CTNNB1
hsa05161	Hepatitis B	39	158	0.89	4.40e-19	9606.ENSP00000242480,9606.ENSP00000256078,9606.ENSP00000262904,9606.ENSP00000264657,9606.ENSP00000267163,9606.ENSP00000269305,9606.ENSP00000301838,9606.ENSP00000302486,9606.ENSP00000306245,9606.ENSP00000306512,9606.ENSP00000311032,9606.ENSP00000329967,9606.ENSP00000330237,9606.ENSP00000332973,9606.ENSP00000336790,9606.ENSP00000341551,9606.ENSP00000345571,9606.ENSP00000351905,9606.ENSP00000355249,9606.ENSP00000356426,9606.ENSP00000358548,9606.ENSP00000360266,9606.ENSP00000361405,9606.ENSP00000363089,9606.ENSP00000371067,9606.ENSP00000381185,9606.ENSP00000384849,9606.ENSP00000387699,9606.ENSP00000398698,9606.ENSP00000408695,9606.ENSP00000410402,9606.ENSP00000428056,9606.ENSP00000429089,9606.ENSP00000447297,9606.ENSP00000448165,9606.ENSP00000464030,9606.ENSP00000478887,9606.ENSP00000498321,9606.ENSP00000499900	EGR2,KRAS,E2F3,STAT3,RB1,TP53,FADD,MAP2K1,FOS,CXCL8,CASP3,TBK1,CASP9,SMAD3,ATF4,SMAD4,E2F1,TGFBR2,E2F2,TAB2,NRAS,JUN,MMP9,TLR4,JAK2,BCL2,CDKN1A,CREB1,TNF,PRKCA,MAP2K4,PIK3R1,CCNE2,TGFBR1,APAF1,IKBKE,MYC,MYD88,JAK1
hsa05167	Kaposi sarcoma-associated herpesvirus infection	40	187	0.82	1.06e-17	9606.ENSP00000227507,9606.ENSP00000234310,9606.ENSP00000256078,9606.ENSP00000262904,9606.ENSP00000264657,9606.ENSP00000264832,9606.ENSP00000265165,9606.ENSP00000265734,9606.ENSP00000267163,9606.ENSP00000269305,9606.ENSP00000283290,9606.ENSP00000301838,9606.ENSP00000302486,9606.ENSP00000306245,9606.ENSP00000306512,9606.ENSP00000311032,9606.ENSP00000329967,9606.ENSP00000330237,9606.ENSP00000330382,9606.ENSP00000340347,9606.ENSP00000345571,9606.ENSP00000354558,9606.ENSP00000355231,9606.ENSP00000355249,9606.ENSP00000356070,9606.ENSP00000356438,9606.ENSP00000358548,9606.ENSP00000360266,9606.ENSP00000371067,9606.ENSP00000378323,9606.ENSP00000384849,9606.ENSP00000387699,9606.ENSP00000410402,9606.ENSP00000413079,9606.ENSP00000428056,9606.ENSP00000437955,9606.ENSP00000464030,9606.ENSP00000478887,9606.ENSP00000495360,9606.ENSP00000499900	CCND1,PPP3R1,KRAS,E2F3,STAT3,ICAM1,LEF1,CDK6,RB1,TP53,ATG3,FADD,MAP2K1,FOS,CXCL8,CASP3,TBK1,CASP9,PDGFB,TCF7,E2F1,MTOR,BECN1,E2F2,MAPKAPK2,PTGS2,NRAS,JUN,JAK2,PPP3CA,CDKN1A,CREB1,MAP2K4,MICA,PIK3R1,HIF1A,IKBKE,MYC,CTNNB1,JAK1
hsa05210	Colorectal cancer	29	82	1.04	1.06e-17	9606.ENSP00000227507,9606.ENSP00000256078,9606.ENSP00000257430,9606.ENSP00000262160,9606.ENSP00000265165,9606.ENSP00000269305,9606.ENSP00000275493,9606.ENSP00000302486,9606.ENSP00000302625,9606.ENSP00000306245,9606.ENSP00000311032,9606.ENSP00000326119,9606.ENSP00000330237,9606.ENSP00000332973,9606.ENSP00000340347,9606.ENSP00000341551,9606.ENSP00000351905,9606.ENSP00000354558,9606.ENSP00000358548,9606.ENSP00000360266,9606.ENSP00000376943,9606.ENSP00000381185,9606.ENSP00000384849,9606.ENSP00000400175,9606.ENSP00000404503,9606.ENSP00000428056,9606.ENSP00000447297,9606.ENSP00000478887,9606.ENSP00000495360	CCND1,KRAS,APC,SMAD2,LEF1,TP53,EGFR,MAP2K1,AXIN2,FOS,CASP3,PMAIP1,CASP9,SMAD3,TCF7,SMAD4,TGFBR2,MTOR,NRAS,JUN,BCL2L11,BCL2,CDKN1A,RHOA,BBC3,PIK3R1,TGFBR1,MYC,CTNNB1
hsa01522	Endocrine resistance	29	94	0.98	2.07e-16	9606.ENSP00000227507,9606.ENSP00000228872,9606.ENSP00000254958,9606.ENSP00000256078,9606.ENSP00000256646,9606.ENSP00000262904,9606.ENSP00000267163,9606.ENSP00000269305,9606.ENSP00000269571,9606.ENSP00000275493,9606.ENSP00000302486,9606.ENSP00000306245,9606.ENSP00000311405,9606.ENSP00000345571,9606.ENSP00000354558,9606.ENSP00000355249,9606.ENSP00000355718,9606.ENSP00000358548,9606.ENSP00000360266,9606.ENSP00000361066,9606.ENSP00000361405,9606.ENSP00000364163,9606.ENSP00000381185,9606.ENSP00000384849,9606.ENSP00000401303,9606.ENSP00000405330,9606.ENSP00000428056,9606.ENSP00000497069,9606.ENSP00000498587	CCND1,CDKN1B,JAG1,KRAS,NOTCH2,E2F3,RB1,TP53,ERBB2,EGFR,MAP2K1,FOS,ADCY6,E2F1,MTOR,E2F2,DLL1,NRAS,JUN,NCOA3,MMP9,NOTCH4,BCL2,CDKN1A,SHC1,ESR1,PIK3R1,IGF1R,NOTCH1
hsa04218	Cellular senescence	34	150	0.85	8.97e-16	9606.ENSP00000212015,9606.ENSP00000227507,9606.ENSP00000234310,9606.ENSP00000256078,9606.ENSP00000261254,9606.ENSP00000262133,9606.ENSP00000262160,9606.ENSP00000262187,9606.ENSP00000262904,9606.ENSP00000265734,9606.ENSP00000267163,9606.ENSP00000269305,9606.ENSP00000302486,9606.ENSP00000303706,9606.ENSP00000304226,9606.ENSP00000306512,9606.ENSP00000332973,9606.ENSP00000339527,9606.ENSP00000345571,9606.ENSP00000351905,9606.ENSP00000354558,9606.ENSP00000355249,9606.ENSP00000356070,9606.ENSP00000358548,9606.ENSP00000361021,9606.ENSP00000368880,9606.ENSP00000376436,9606.ENSP00000378323,9606.ENSP00000384849,9606.ENSP00000398124,9606.ENSP00000428056,9606.ENSP00000429089,9606.ENSP00000447297,9606.ENSP00000478887	SIRT1,CCND1,PPP3R1,KRAS,CCND2,RBL2,SMAD2,RHEB,E2F3,CDK6,RB1,TP53,MAP2K1,CDC25A,HIPK3,CXCL8,SMAD3,FOXO3,E2F1,TGFBR2,MTOR,E2F2,MAPKAPK2,NRAS,PTEN,FOXO1,ETS1,PPP3CA,CDKN1A,E2F5,PIK3R1,CCNE2,TGFBR1,MYC
hsa05202	Transcriptional misregulation in cancer	35	171	0.81	4.43e-15	9606.ENSP00000006015,9606.ENSP00000216341,9606.ENSP00000227163,9606.ENSP00000228872,9606.ENSP00000252674,9606.ENSP00000261254,9606.ENSP00000269305,9606.ENSP00000272369,9606.ENSP00000281043,9606.ENSP00000286301,9606.ENSP00000287820,9606.ENSP00000299855,9606.ENSP00000300305,9606.ENSP00000305422,9606.ENSP00000305769,9606.ENSP00000306512,9606.ENSP00000317272,9606.ENSP00000327048,9606.ENSP00000334836,9606.ENSP00000346508,9606.ENSP00000351490,9606.ENSP00000351905,9606.ENSP00000354487,9606.ENSP00000360493,9606.ENSP00000361405,9606.ENSP00000362649,9606.ENSP00000365230,9606.ENSP00000368880,9606.ENSP00000384371,9606.ENSP00000384849,9606.ENSP00000391803,9606.ENSP00000430432,9606.ENSP00000437621,9606.ENSP00000478887,9606.ENSP00000497069	HOXA11,GZMB,SPI1,CDKN1B,MLLT1,CCND2,TP53,MEIS1,MYCN,CSF1R,PPARG,MMP3,RUNX1,CEBPB,SMAD1,CXCL8,MET,MAF,BMP2K,PDGFA,MAX,TGFBR2,ZEB1,RUNX2,MMP9,HDAC1,BCL2L1,FOXO1,BCL6,CDKN1A,MITF,HDAC2,HMGA2,MYC,IGF1R
hsa04110	Cell cycle	30	120	0.89	5.97e-15	9606.ENSP00000227507,9606.ENSP00000228872,9606.ENSP00000245960,9606.ENSP00000261254,9606.ENSP00000262133,9606.ENSP00000262160,9606.ENSP00000262904,9606.ENSP00000265734,9606.ENSP00000267163,9606.ENSP00000269305,9606.ENSP00000296509,9606.ENSP00000300093,9606.ENSP00000302530,9606.ENSP00000303706,9606.ENSP00000323421,9606.ENSP00000332973,9606.ENSP00000339109,9606.ENSP00000341551,9606.ENSP00000345571,9606.ENSP00000355249,9606.ENSP00000358813,9606.ENSP00000361423,9606.ENSP00000362649,9606.ENSP00000384849,9606.ENSP00000398124,9606.ENSP00000402084,9606.ENSP00000413720,9606.ENSP00000429089,9606.ENSP00000430432,9606.ENSP00000478887	CCND1,CDKN1B,CDC25B,CCND2,RBL2,SMAD2,E2F3,CDK6,RB1,TP53,MAD2L1,PLK1,BUB1,CDC25A,SMC1A,SMAD3,ANAPC1,SMAD4,E2F1,E2F2,TTK,ABL1,HDAC1,CDKN1A,E2F5,WEE1,CDKN1C,CCNE2,HDAC2,MYC
hsa04550	Signaling pathways regulating pluripotency of stem cells	32	141	0.85	6.14e-15	9606.ENSP00000225512,9606.ENSP00000229307,9606.ENSP00000233630,9606.ENSP00000249075,9606.ENSP00000256078,9606.ENSP00000257430,9606.ENSP00000262160,9606.ENSP00000264634,9606.ENSP00000264657,9606.ENSP00000272369,9606.ENSP00000293549,9606.ENSP00000302486,9606.ENSP00000302625,9606.ENSP00000302630,9606.ENSP00000305769,9606.ENSP00000332973,9606.ENSP00000339824,9606.ENSP00000340347,9606.ENSP00000341032,9606.ENSP00000341280,9606.ENSP00000341551,9606.ENSP00000358548,9606.ENSP00000363708,9606.ENSP00000371067,9606.ENSP00000405004,9606.ENSP00000428056,9606.ENSP00000441954,9606.ENSP00000478887,9606.ENSP00000494260,9606.ENSP00000495360,9606.ENSP00000497069,9606.ENSP00000499900	WNT3,NANOG,PCGF1,LIF,KRAS,APC,SMAD2,WNT5A,STAT3,MEIS1,WNT1,MAP2K1,AXIN2,ONECUT1,SMAD1,SMAD3,FGFR3,TCF7,WNT7B,JARID2,SMAD4,NRAS,BMPR2,JAK2,ACVR1,PIK3R1,SMAD5,MYC,HOXA1,CTNNB1,IGF1R,JAK1
hsa05222	Small cell lung cancer	27	92	0.96	6.14e-15	9606.ENSP00000227507,9606.ENSP00000228872,9606.ENSP00000258341,9606.ENSP00000262904,9606.ENSP00000264144,9606.ENSP00000265734,9606.ENSP00000267163,9606.ENSP00000269305,9606.ENSP00000296585,9606.ENSP00000311032,9606.ENSP00000330237,9606.ENSP00000331902,9606.ENSP00000345571,9606.ENSP00000346839,9606.ENSP00000351490,9606.ENSP00000353654,9606.ENSP00000355249,9606.ENSP00000356438,9606.ENSP00000361021,9606.ENSP00000364979,9606.ENSP00000365230,9606.ENSP00000381185,9606.ENSP00000384849,9606.ENSP00000428056,9606.ENSP00000429089,9606.ENSP00000448165,9606.ENSP00000478887	CCND1,CDKN1B,LAMC1,E2F3,LAMC2,CDK6,RB1,TP53,ITGA2,CASP3,CASP9,COL4A5,E2F1,FN1,MAX,COL4A2,E2F2,PTGS2,PTEN,COL4A1,BCL2L1,BCL2,CDKN1A,PIK3R1,CCNE2,APAF1,MYC
hsa05166	Human T-cell leukemia virus 1 infection	38	210	0.75	6.18e-15	9606.ENSP00000227163,9606.ENSP00000227507,9606.ENSP00000234310,9606.ENSP00000242480,9606.ENSP00000256078,9606.ENSP00000261254,9606.ENSP00000262160,9606.ENSP00000262904,9606.ENSP00000264832,9606.ENSP00000265354,9606.ENSP00000267163,9606.ENSP00000269305,9606.ENSP00000296509,9606.ENSP00000302486,9606.ENSP00000306245,9606.ENSP00000311405,9606.ENSP00000332973,9606.ENSP00000336790,9606.ENSP00000339109,9606.ENSP00000341551,9606.ENSP00000345571,9606.ENSP00000351905,9606.ENSP00000355249,9606.ENSP00000358548,9606.ENSP00000360266,9606.ENSP00000361021,9606.ENSP00000365230,9606.ENSP00000376436,9606.ENSP00000378323,9606.ENSP00000384849,9606.ENSP00000387699,9606.ENSP00000398698,9606.ENSP00000410402,9606.ENSP00000428056,9606.ENSP00000429089,9606.ENSP00000447297,9606.ENSP00000478887,9606.ENSP00000499900	SPI1,CCND1,PPP3R1,EGR2,KRAS,CCND2,SMAD2,E2F3,ICAM1,SRF,RB1,TP53,MAD2L1,MAP2K1,FOS,ADCY6,SMAD3,ATF4,ANAPC1,SMAD4,E2F1,TGFBR2,E2F2,NRAS,JUN,PTEN,BCL2L1,ETS1,PPP3CA,CDKN1A,CREB1,TNF,MAP2K4,PIK3R1,CCNE2,TGFBR1,MYC,JAK1
hsa04933	AGE-RAGE signaling pathway in diabetic complications	27	96	0.94	1.28e-14	9606.ENSP00000225964,9606.ENSP00000227507,9606.ENSP00000228872,9606.ENSP00000256078,9606.ENSP00000262160,9606.ENSP00000264657,9606.ENSP00000264832,9606.ENSP00000297268,9606.ENSP00000306512,9606.ENSP00000311032,9606.ENSP00000331902,9606.ENSP00000332973,9606.ENSP00000341551,9606.ENSP00000346839,9606.ENSP00000351905,9606.ENSP00000353654,9606.ENSP00000358548,9606.ENSP00000360266,9606.ENSP00000364979,9606.ENSP00000368880,9606.ENSP00000371067,9606.ENSP00000381185,9606.ENSP00000398698,9606.ENSP00000398832,9606.ENSP00000408695,9606.ENSP00000428056,9606.ENSP00000447297	COL1A1,CCND1,CDKN1B,KRAS,SMAD2,STAT3,ICAM1,COL1A2,CXCL8,CASP3,COL4A5,SMAD3,SMAD4,FN1,TGFBR2,COL4A2,NRAS,JUN,COL4A1,FOXO1,JAK2,BCL2,TNF,AGTR1,PRKCA,PIK3R1,TGFBR1
hsa05163	Human cytomegalovirus infection	38	217	0.74	1.43e-14	9606.ENSP00000227507,9606.ENSP00000234310,9606.ENSP00000256078,9606.ENSP00000259808,9606.ENSP00000262187,9606.ENSP00000262904,9606.ENSP00000264657,9606.ENSP00000265734,9606.ENSP00000267163,9606.ENSP00000269305,9606.ENSP00000275493,9606.ENSP00000301838,9606.ENSP00000302486,9606.ENSP00000306512,9606.ENSP00000311032,9606.ENSP00000311405,9606.ENSP00000312999,9606.ENSP00000317985,9606.ENSP00000329967,9606.ENSP00000330237,9606.ENSP00000336790,9606.ENSP00000345571,9606.ENSP00000354558,9606.ENSP00000355249,9606.ENSP00000356438,9606.ENSP00000358548,9606.ENSP00000378323,9606.ENSP00000384849,9606.ENSP00000387699,9606.ENSP00000398698,9606.ENSP00000400175,9606.ENSP00000400717,9606.ENSP00000408695,9606.ENSP00000428056,9606.ENSP00000452786,9606.ENSP00000478887,9606.ENSP00000495360,9606.ENSP00000499900	CCND1,PPP3R1,KRAS,RIPK1,RHEB,E2F3,STAT3,CDK6,RB1,TP53,EGFR,FADD,MAP2K1,CXCL8,CASP3,ADCY6,GNAI2,ROCK2,TBK1,CASP9,ATF4,E2F1,MTOR,E2F2,PTGS2,NRAS,PPP3CA,CDKN1A,CREB1,TNF,RHOA,GNA13,PRKCA,PIK3R1,ITGB3,MYC,CTNNB1,JAK1
hsa04010	MAPK signaling pathway	43	286	0.67	2.21e-14	9606.ENSP00000012443,9606.ENSP00000234310,9606.ENSP00000245960,9606.ENSP00000250559,9606.ENSP00000256078,9606.ENSP00000263056,9606.ENSP00000265354,9606.ENSP00000267101,9606.ENSP00000267843,9606.ENSP00000269305,9606.ENSP00000269571,9606.ENSP00000275493,9606.ENSP00000286301,9606.ENSP00000288135,9606.ENSP00000298573,9606.ENSP00000302486,9606.ENSP00000306245,9606.ENSP00000311032,9606.ENSP00000317272,9606.ENSP00000330382,9606.ENSP00000336790,9606.ENSP00000339824,9606.ENSP00000346508,9606.ENSP00000351015,9606.ENSP00000351490,9606.ENSP00000351905,9606.ENSP00000356070,9606.ENSP00000356426,9606.ENSP00000358548,9606.ENSP00000360266,9606.ENSP00000361892,9606.ENSP00000378323,9606.ENSP00000384625,9606.ENSP00000396045,9606.ENSP00000398698,9606.ENSP00000399324,9606.ENSP00000408695,9606.ENSP00000410402,9606.ENSP00000447297,9606.ENSP00000449038,9606.ENSP00000478887,9606.ENSP00000497069,9606.ENSP00000498321	PPP5C,PPP3R1,CDC25B,RAP1B,KRAS,MAP3K8,SRF,ERBB3,FGF7,TP53,ERBB2,EGFR,CSF1R,KIT,DUSP16,MAP2K1,FOS,CASP3,MET,PDGFB,ATF4,FGFR3,PDGFA,NF1,MAX,TGFBR2,MAPKAPK2,TAB2,NRAS,JUN,STK4,PPP3CA,NLK,PLA2G4B,TNF,FGF16,PRKCA,MAP2K4,TGFBR1,MAP3K12,MYC,IGF1R,MYD88
hsa05220	Chronic myeloid leukemia	24	75	1.0	4.15e-14	9606.ENSP00000227507,9606.ENSP00000228872,9606.ENSP00000256078,9606.ENSP00000262904,9606.ENSP00000265734,9606.ENSP00000267163,9606.ENSP00000269305,9606.ENSP00000300305,9606.ENSP00000302486,9606.ENSP00000332973,9606.ENSP00000341551,9606.ENSP00000345571,9606.ENSP00000351905,9606.ENSP00000355249,9606.ENSP00000358548,9606.ENSP00000361423,9606.ENSP00000362649,9606.ENSP00000365230,9606.ENSP00000384849,9606.ENSP00000401303,9606.ENSP00000428056,9606.ENSP00000430432,9606.ENSP00000447297,9606.ENSP00000478887	CCND1,CDKN1B,KRAS,E2F3,CDK6,RB1,TP53,RUNX1,MAP2K1,SMAD3,SMAD4,E2F1,TGFBR2,E2F2,NRAS,ABL1,HDAC1,BCL2L1,CDKN1A,SHC1,PIK3R1,HDAC2,TGFBR1,MYC
hsa05169	Epstein-Barr virus infection	35	192	0.76	6.07e-14	9606.ENSP00000227507,9606.ENSP00000228872,9606.ENSP00000259808,9606.ENSP00000261254,9606.ENSP00000262904,9606.ENSP00000264657,9606.ENSP00000264832,9606.ENSP00000265734,9606.ENSP00000267163,9606.ENSP00000269305,9606.ENSP00000301838,9606.ENSP00000311032,9606.ENSP00000329967,9606.ENSP00000330237,9606.ENSP00000345571,9606.ENSP00000355249,9606.ENSP00000356426,9606.ENSP00000360266,9606.ENSP00000362649,9606.ENSP00000376943,9606.ENSP00000381185,9606.ENSP00000384849,9606.ENSP00000398632,9606.ENSP00000398698,9606.ENSP00000410402,9606.ENSP00000424827,9606.ENSP00000428056,9606.ENSP00000429089,9606.ENSP00000430432,9606.ENSP00000446007,9606.ENSP00000448165,9606.ENSP00000464030,9606.ENSP00000478887,9606.ENSP00000498321,9606.ENSP00000499900	CCND1,CDKN1B,RIPK1,CCND2,E2F3,STAT3,ICAM1,CDK6,RB1,TP53,FADD,CASP3,TBK1,CASP9,E2F1,E2F2,TAB2,JUN,HDAC1,BCL2L11,BCL2,CDKN1A,CD44,TNF,MAP2K4,NEDD4,PIK3R1,CCNE2,HDAC2,VIM,APAF1,IKBKE,MYC,MYD88,JAK1
hsa01521	EGFR tyrosine kinase inhibitor resistance	24	77	0.99	6.22e-14	9606.ENSP00000256078,9606.ENSP00000264657,9606.ENSP00000267101,9606.ENSP00000269571,9606.ENSP00000275493,9606.ENSP00000302486,9606.ENSP00000317272,9606.ENSP00000330382,9606.ENSP00000339527,9606.ENSP00000339824,9606.ENSP00000346508,9606.ENSP00000351015,9606.ENSP00000354558,9606.ENSP00000358548,9606.ENSP00000361021,9606.ENSP00000365230,9606.ENSP00000371067,9606.ENSP00000376943,9606.ENSP00000381185,9606.ENSP00000401303,9606.ENSP00000408695,9606.ENSP00000428056,9606.ENSP00000497069,9606.ENSP00000499900	KRAS,STAT3,ERBB3,ERBB2,EGFR,MAP2K1,MET,PDGFB,FOXO3,FGFR3,PDGFA,NF1,MTOR,NRAS,PTEN,BCL2L1,JAK2,BCL2L11,BCL2,SHC1,PRKCA,PIK3R1,IGF1R,JAK1
hsa04068	FoxO signaling pathway	29	126	0.86	7.36e-14	9606.ENSP00000212015,9606.ENSP00000227507,9606.ENSP00000228872,9606.ENSP00000256078,9606.ENSP00000261254,9606.ENSP00000262133,9606.ENSP00000264657,9606.ENSP00000275493,9606.ENSP00000300093,9606.ENSP00000302486,9606.ENSP00000304895,9606.ENSP00000305416,9606.ENSP00000332973,9606.ENSP00000339527,9606.ENSP00000341551,9606.ENSP00000344220,9606.ENSP00000351905,9606.ENSP00000358548,9606.ENSP00000361021,9606.ENSP00000361892,9606.ENSP00000368880,9606.ENSP00000376943,9606.ENSP00000384371,9606.ENSP00000384625,9606.ENSP00000384849,9606.ENSP00000428056,9606.ENSP00000446252,9606.ENSP00000447297,9606.ENSP00000497069	SIRT1,CCND1,CDKN1B,KRAS,CCND2,RBL2,STAT3,EGFR,PLK1,MAP2K1,IRS1,S1PR1,SMAD3,FOXO3,SMAD4,PDPK1,TGFBR2,NRAS,PTEN,STK4,FOXO1,BCL2L11,BCL6,NLK,CDKN1A,PIK3R1,SOD2,TGFBR1,IGF1R
hsa05212	Pancreatic cancer	23	71	1.0	1.08e-13	9606.ENSP00000227507,9606.ENSP00000256078,9606.ENSP00000262160,9606.ENSP00000262904,9606.ENSP00000264657,9606.ENSP00000265734,9606.ENSP00000267163,9606.ENSP00000269305,9606.ENSP00000269571,9606.ENSP00000275493,9606.ENSP00000302486,9606.ENSP00000330237,9606.ENSP00000332973,9606.ENSP00000341551,9606.ENSP00000345571,9606.ENSP00000351905,9606.ENSP00000354558,9606.ENSP00000355249,9606.ENSP00000365230,9606.ENSP00000384849,9606.ENSP00000428056,9606.ENSP00000447297,9606.ENSP00000499900	CCND1,KRAS,SMAD2,E2F3,STAT3,CDK6,RB1,TP53,ERBB2,EGFR,MAP2K1,CASP9,SMAD3,SMAD4,E2F1,TGFBR2,MTOR,E2F2,BCL2L1,CDKN1A,PIK3R1,TGFBR1,JAK1
hsa05160	Hepatitis C	31	157	0.79	2.99e-13	9606.ENSP00000227507,9606.ENSP00000256078,9606.ENSP00000259808,9606.ENSP00000262904,9606.ENSP00000264657,9606.ENSP00000265734,9606.ENSP00000267163,9606.ENSP00000269305,9606.ENSP00000275493,9606.ENSP00000295522,9606.ENSP00000301838,9606.ENSP00000302486,9606.ENSP00000311032,9606.ENSP00000312455,9606.ENSP00000324804,9606.ENSP00000325074,9606.ENSP00000329967,9606.ENSP00000330237,9606.ENSP00000330341,9606.ENSP00000345571,9606.ENSP00000355249,9606.ENSP00000358548,9606.ENSP00000384849,9606.ENSP00000385523,9606.ENSP00000398698,9606.ENSP00000428056,9606.ENSP00000448165,9606.ENSP00000464030,9606.ENSP00000478887,9606.ENSP00000495360,9606.ENSP00000499900	CCND1,KRAS,RIPK1,E2F3,STAT3,CDK6,RB1,TP53,EGFR,CLDN1,FADD,MAP2K1,CASP3,CFLAR,PPP2R1A,PPP2R2A,TBK1,CASP9,SOCS3,E2F1,E2F2,NRAS,CDKN1A,PPARA,TNF,PIK3R1,APAF1,IKBKE,MYC,CTNNB1,JAK1
hsa04510	Focal adhesion	34	195	0.74	3.90e-13	9606.ENSP00000200181,9606.ENSP00000225964,9606.ENSP00000227507,9606.ENSP00000250559,9606.ENSP00000258341,9606.ENSP00000260356,9606.ENSP00000261254,9606.ENSP00000264144,9606.ENSP00000269571,9606.ENSP00000275493,9606.ENSP00000293379,9606.ENSP00000296585,9606.ENSP00000297268,9606.ENSP00000302486,9606.ENSP00000317272,9606.ENSP00000317985,9606.ENSP00000330382,9606.ENSP00000331902,9606.ENSP00000344220,9606.ENSP00000346508,9606.ENSP00000346839,9606.ENSP00000353654,9606.ENSP00000360266,9606.ENSP00000361021,9606.ENSP00000364979,9606.ENSP00000367686,9606.ENSP00000381185,9606.ENSP00000400175,9606.ENSP00000401303,9606.ENSP00000408695,9606.ENSP00000428056,9606.ENSP00000452786,9606.ENSP00000495360,9606.ENSP00000497069	ITGB4,COL1A1,CCND1,RAP1B,LAMC1,THBS1,CCND2,LAMC2,ERBB2,EGFR,ITGA5,ITGA2,COL1A2,MAP2K1,MET,ROCK2,PDGFB,COL4A5,PDPK1,PDGFA,FN1,COL4A2,JUN,PTEN,COL4A1,PAK5,BCL2,RHOA,SHC1,PRKCA,PIK3R1,ITGB3,CTNNB1,IGF1R
hsa05219	Bladder cancer	18	40	1.15	8.91e-13	9606.ENSP00000227507,9606.ENSP00000256078,9606.ENSP00000260356,9606.ENSP00000262904,9606.ENSP00000267163,9606.ENSP00000269305,9606.ENSP00000269571,9606.ENSP00000275493,9606.ENSP00000302486,9606.ENSP00000306512,9606.ENSP00000322788,9606.ENSP00000339824,9606.ENSP00000345571,9606.ENSP00000355249,9606.ENSP00000358548,9606.ENSP00000361405,9606.ENSP00000384849,9606.ENSP00000478887	CCND1,KRAS,THBS1,E2F3,RB1,TP53,ERBB2,EGFR,MAP2K1,CXCL8,MMP1,FGFR3,E2F1,E2F2,NRAS,MMP9,CDKN1A,MYC
hsa04210	Apoptosis	28	131	0.82	8.97e-13	9606.ENSP00000216341,9606.ENSP00000221132,9606.ENSP00000227266,9606.ENSP00000256078,9606.ENSP00000259808,9606.ENSP00000269305,9606.ENSP00000276431,9606.ENSP00000301838,9606.ENSP00000302486,9606.ENSP00000306245,9606.ENSP00000311032,9606.ENSP00000312455,9606.ENSP00000326119,9606.ENSP00000327054,9606.ENSP00000330237,9606.ENSP00000336790,9606.ENSP00000344220,9606.ENSP00000358548,9606.ENSP00000360266,9606.ENSP00000365230,9606.ENSP00000376943,9606.ENSP00000381185,9606.ENSP00000398568,9606.ENSP00000398698,9606.ENSP00000404503,9606.ENSP00000428056,9606.ENSP00000439020,9606.ENSP00000448165	GZMB,TNFRSF10A,CTSC,KRAS,RIPK1,TP53,TNFRSF10B,FADD,MAP2K1,FOS,CASP3,CFLAR,PMAIP1,LMNB2,CASP9,ATF4,PDPK1,NRAS,JUN,BCL2L1,BCL2L11,BCL2,PRF1,TNF,BBC3,PIK3R1,TUBA1A,APAF1
hsa04390	Hippo signaling pathway	30	154	0.78	9.36e-13	9606.ENSP00000225512,9606.ENSP00000227507,9606.ENSP00000257430,9606.ENSP00000261254,9606.ENSP00000262160,9606.ENSP00000264634,9606.ENSP00000265165,9606.ENSP00000293549,9606.ENSP00000295797,9606.ENSP00000302625,9606.ENSP00000305769,9606.ENSP00000324804,9606.ENSP00000325074,9606.ENSP00000332973,9606.ENSP00000340347,9606.ENSP00000341032,9606.ENSP00000341551,9606.ENSP00000344666,9606.ENSP00000351905,9606.ENSP00000356954,9606.ENSP00000363708,9606.ENSP00000368104,9606.ENSP00000379204,9606.ENSP00000381531,9606.ENSP00000404503,9606.ENSP00000435233,9606.ENSP00000447297,9606.ENSP00000478887,9606.ENSP00000478927,9606.ENSP00000495360	WNT3,CCND1,APC,CCND2,SMAD2,WNT5A,LEF1,WNT1,PRKCI,AXIN2,SMAD1,PPP2R1A,PPP2R2A,SMAD3,TCF7,WNT7B,SMAD4,NF2,TGFBR2,CCN2,BMPR2,BMP2,BMP7,CSNK1D,BBC3,TEAD1,TGFBR1,MYC,YAP1,CTNNB1
hsa05223	Non-small cell lung cancer	21	68	0.98	2.83e-12	9606.ENSP00000227507,9606.ENSP00000256078,9606.ENSP00000262904,9606.ENSP00000264657,9606.ENSP00000265734,9606.ENSP00000267163,9606.ENSP00000269305,9606.ENSP00000269571,9606.ENSP00000275493,9606.ENSP00000302486,9606.ENSP00000317272,9606.ENSP00000330237,9606.ENSP00000339527,9606.ENSP00000344220,9606.ENSP00000345571,9606.ENSP00000355249,9606.ENSP00000358548,9606.ENSP00000361892,9606.ENSP00000384849,9606.ENSP00000408695,9606.ENSP00000428056	CCND1,KRAS,E2F3,STAT3,CDK6,RB1,TP53,ERBB2,EGFR,MAP2K1,MET,CASP9,FOXO3,PDPK1,E2F1,E2F2,NRAS,STK4,CDKN1A,PRKCA,PIK3R1
hsa05218	Melanoma	21	72	0.96	6.95e-12	9606.ENSP00000227507,9606.ENSP00000256078,9606.ENSP00000262904,9606.ENSP00000265734,9606.ENSP00000267163,9606.ENSP00000267843,9606.ENSP00000269305,9606.ENSP00000275493,9606.ENSP00000302486,9606.ENSP00000317272,9606.ENSP00000330382,9606.ENSP00000345571,9606.ENSP00000346508,9606.ENSP00000355249,9606.ENSP00000358548,9606.ENSP00000361021,9606.ENSP00000384849,9606.ENSP00000391803,9606.ENSP00000399324,9606.ENSP00000428056,9606.ENSP00000497069	CCND1,KRAS,E2F3,CDK6,RB1,FGF7,TP53,EGFR,MAP2K1,MET,PDGFB,E2F1,PDGFA,E2F2,NRAS,PTEN,CDKN1A,MITF,FGF16,PIK3R1,IGF1R
hsa05213	Endometrial cancer	19	58	1.01	1.54e-11	9606.ENSP00000227507,9606.ENSP00000256078,9606.ENSP00000257430,9606.ENSP00000265165,9606.ENSP00000269305,9606.ENSP00000269571,9606.ENSP00000275493,9606.ENSP00000302486,9606.ENSP00000302625,9606.ENSP00000330237,9606.ENSP00000339527,9606.ENSP00000340347,9606.ENSP00000344220,9606.ENSP00000358548,9606.ENSP00000361021,9606.ENSP00000384849,9606.ENSP00000428056,9606.ENSP00000478887,9606.ENSP00000495360	CCND1,KRAS,APC,LEF1,TP53,ERBB2,EGFR,MAP2K1,AXIN2,CASP9,FOXO3,TCF7,PDPK1,NRAS,PTEN,CDKN1A,PIK3R1,MYC,CTNNB1
hsa04919	Thyroid hormone signaling pathway	25	120	0.81	2.73e-11	9606.ENSP00000227507,9606.ENSP00000256078,9606.ENSP00000256646,9606.ENSP00000262187,9606.ENSP00000269305,9606.ENSP00000302486,9606.ENSP00000330237,9606.ENSP00000344220,9606.ENSP00000354558,9606.ENSP00000358548,9606.ENSP00000361066,9606.ENSP00000362649,9606.ENSP00000364163,9606.ENSP00000368880,9606.ENSP00000399968,9606.ENSP00000405330,9606.ENSP00000408695,9606.ENSP00000428056,9606.ENSP00000430432,9606.ENSP00000437955,9606.ENSP00000440045,9606.ENSP00000452786,9606.ENSP00000478887,9606.ENSP00000495360,9606.ENSP00000498587	CCND1,KRAS,NOTCH2,RHEB,TP53,MAP2K1,CASP9,PDPK1,MTOR,NRAS,NCOA3,HDAC1,NOTCH4,FOXO1,NCOA2,ESR1,PRKCA,PIK3R1,HDAC2,HIF1A,ATP2A2,ITGB3,MYC,CTNNB1,NOTCH1
hsa04668	TNF signaling pathway	24	111	0.83	3.67e-11	9606.ENSP00000249075,9606.ENSP00000254958,9606.ENSP00000259808,9606.ENSP00000263056,9606.ENSP00000264832,9606.ENSP00000299855,9606.ENSP00000301838,9606.ENSP00000302486,9606.ENSP00000305422,9606.ENSP00000306245,9606.ENSP00000308208,9606.ENSP00000311032,9606.ENSP00000312455,9606.ENSP00000330341,9606.ENSP00000336790,9606.ENSP00000356426,9606.ENSP00000356438,9606.ENSP00000360266,9606.ENSP00000361405,9606.ENSP00000387699,9606.ENSP00000398698,9606.ENSP00000410402,9606.ENSP00000428056,9606.ENSP00000499786	LIF,JAG1,RIPK1,MAP3K8,ICAM1,MMP3,FADD,MAP2K1,CEBPB,FOS,MMP14,CASP3,CFLAR,SOCS3,ATF4,TAB2,PTGS2,JUN,MMP9,CREB1,TNF,MAP2K4,PIK3R1,ITCH
hsa05214	Glioma	20	71	0.94	3.77e-11	9606.ENSP00000227507,9606.ENSP00000256078,9606.ENSP00000262904,9606.ENSP00000265734,9606.ENSP00000267163,9606.ENSP00000269305,9606.ENSP00000275493,9606.ENSP00000302486,9606.ENSP00000330382,9606.ENSP00000345571,9606.ENSP00000346508,9606.ENSP00000354558,9606.ENSP00000355249,9606.ENSP00000358548,9606.ENSP00000361021,9606.ENSP00000384849,9606.ENSP00000401303,9606.ENSP00000408695,9606.ENSP00000428056,9606.ENSP00000497069	CCND1,KRAS,E2F3,CDK6,RB1,TP53,EGFR,MAP2K1,PDGFB,E2F1,PDGFA,MTOR,E2F2,NRAS,PTEN,CDKN1A,SHC1,PRKCA,PIK3R1,IGF1R
hsa04934	Cushing syndrome	27	153	0.74	1.02e-10	9606.ENSP00000225512,9606.ENSP00000227507,9606.ENSP00000228872,9606.ENSP00000250559,9606.ENSP00000257430,9606.ENSP00000262904,9606.ENSP00000264634,9606.ENSP00000265165,9606.ENSP00000265734,9606.ENSP00000267163,9606.ENSP00000275493,9606.ENSP00000293549,9606.ENSP00000302486,9606.ENSP00000302625,9606.ENSP00000311405,9606.ENSP00000312999,9606.ENSP00000336790,9606.ENSP00000340347,9606.ENSP00000341032,9606.ENSP00000345571,9606.ENSP00000355249,9606.ENSP00000384849,9606.ENSP00000387699,9606.ENSP00000398832,9606.ENSP00000429089,9606.ENSP00000442464,9606.ENSP00000495360	WNT3,CCND1,CDKN1B,RAP1B,APC,E2F3,WNT5A,LEF1,CDK6,RB1,EGFR,WNT1,MAP2K1,AXIN2,ADCY6,GNAI2,ATF4,TCF7,WNT7B,E2F1,E2F2,CDKN1A,CREB1,AGTR1,CCNE2,NCEH1,CTNNB1
hsa04310	Wnt signaling pathway	27	154	0.74	1.13e-10	9606.ENSP00000225512,9606.ENSP00000227507,9606.ENSP00000234310,9606.ENSP00000257430,9606.ENSP00000261254,9606.ENSP00000261349,9606.ENSP00000264634,9606.ENSP00000265165,9606.ENSP00000269305,9606.ENSP00000293549,9606.ENSP00000302625,9606.ENSP00000317985,9606.ENSP00000332973,9606.ENSP00000340347,9606.ENSP00000341032,9606.ENSP00000341551,9606.ENSP00000349156,9606.ENSP00000360266,9606.ENSP00000364683,9606.ENSP00000378323,9606.ENSP00000384625,9606.ENSP00000400175,9606.ENSP00000408695,9606.ENSP00000478721,9606.ENSP00000478887,9606.ENSP00000495240,9606.ENSP00000495360	WNT3,CCND1,PPP3R1,APC,CCND2,LRP6,WNT5A,LEF1,TP53,WNT1,AXIN2,ROCK2,SMAD3,TCF7,WNT7B,SMAD4,SIAH1,JUN,BAMBI,PPP3CA,NLK,RHOA,PRKCA,RYK,MYC,CHD8,CTNNB1
hsa04926	Relaxin signaling pathway	24	126	0.77	3.38e-10	9606.ENSP00000225964,9606.ENSP00000256078,9606.ENSP00000262160,9606.ENSP00000275493,9606.ENSP00000297268,9606.ENSP00000302486,9606.ENSP00000306245,9606.ENSP00000311405,9606.ENSP00000312999,9606.ENSP00000322788,9606.ENSP00000331902,9606.ENSP00000336790,9606.ENSP00000351905,9606.ENSP00000353654,9606.ENSP00000358548,9606.ENSP00000360266,9606.ENSP00000361405,9606.ENSP00000364979,9606.ENSP00000387699,9606.ENSP00000401303,9606.ENSP00000408695,9606.ENSP00000410402,9606.ENSP00000428056,9606.ENSP00000447297	COL1A1,KRAS,SMAD2,EGFR,COL1A2,MAP2K1,FOS,ADCY6,GNAI2,MMP1,COL4A5,ATF4,TGFBR2,COL4A2,NRAS,JUN,MMP9,COL4A1,CREB1,SHC1,PRKCA,MAP2K4,PIK3R1,TGFBR1
hsa05162	Measles	24	137	0.74	1.51e-09	9606.ENSP00000227507,9606.ENSP00000228872,9606.ENSP00000261254,9606.ENSP00000264657,9606.ENSP00000265734,9606.ENSP00000269305,9606.ENSP00000301838,9606.ENSP00000306245,9606.ENSP00000311032,9606.ENSP00000329967,9606.ENSP00000330237,9606.ENSP00000356426,9606.ENSP00000360266,9606.ENSP00000363089,9606.ENSP00000365230,9606.ENSP00000370034,9606.ENSP00000381185,9606.ENSP00000404503,9606.ENSP00000428056,9606.ENSP00000429089,9606.ENSP00000448165,9606.ENSP00000464030,9606.ENSP00000498321,9606.ENSP00000499900	CCND1,CDKN1B,CCND2,STAT3,CDK6,TP53,FADD,FOS,CASP3,TBK1,CASP9,TAB2,JUN,TLR4,BCL2L1,TLR7,BCL2,BBC3,PIK3R1,CCNE2,APAF1,IKBKE,MYD88,JAK1
hsa04115	p53 signaling pathway	18	72	0.89	2.07e-09	9606.ENSP00000221132,9606.ENSP00000227507,9606.ENSP00000260356,9606.ENSP00000261254,9606.ENSP00000265734,9606.ENSP00000269305,9606.ENSP00000276431,9606.ENSP00000311032,9606.ENSP00000326119,9606.ENSP00000330237,9606.ENSP00000349156,9606.ENSP00000361021,9606.ENSP00000365230,9606.ENSP00000381185,9606.ENSP00000384849,9606.ENSP00000404503,9606.ENSP00000429089,9606.ENSP00000448165	TNFRSF10A,CCND1,THBS1,CCND2,CDK6,TP53,TNFRSF10B,CASP3,PMAIP1,CASP9,SIAH1,PTEN,BCL2L1,BCL2,CDKN1A,BBC3,CCNE2,APAF1
hsa05130	Pathogenic Escherichia coli infection	27	187	0.65	5.04e-09	9606.ENSP00000216181,9606.ENSP00000221132,9606.ENSP00000259808,9606.ENSP00000276431,9606.ENSP00000288235,9606.ENSP00000295522,9606.ENSP00000301838,9606.ENSP00000303145,9606.ENSP00000306245,9606.ENSP00000306512,9606.ENSP00000308541,9606.ENSP00000311032,9606.ENSP00000317985,9606.ENSP00000318195,9606.ENSP00000330237,9606.ENSP00000348416,9606.ENSP00000356426,9606.ENSP00000360266,9606.ENSP00000361423,9606.ENSP00000363089,9606.ENSP00000389631,9606.ENSP00000398698,9606.ENSP00000400175,9606.ENSP00000400717,9606.ENSP00000421280,9606.ENSP00000439020,9606.ENSP00000498321	MYH9,TNFRSF10A,RIPK1,TNFRSF10B,MYO1E,CLDN1,FADD,TMED10,FOS,CXCL8,F2,CASP3,ROCK2,NCL,CASP9,TJP1,TAB2,JUN,ABL1,TLR4,ARPC1B,TNF,RHOA,GNA13,MYO10,TUBA1A,MYD88
hsa05230	Central carbon metabolism in cancer	17	68	0.89	6.23e-09	9606.ENSP00000256078,9606.ENSP00000269305,9606.ENSP00000269571,9606.ENSP00000275493,9606.ENSP00000288135,9606.ENSP00000302486,9606.ENSP00000317272,9606.ENSP00000339824,9606.ENSP00000354207,9606.ENSP00000354558,9606.ENSP00000358548,9606.ENSP00000361021,9606.ENSP00000390265,9606.ENSP00000428056,9606.ENSP00000437955,9606.ENSP00000445175,9606.ENSP00000478887	KRAS,TP53,ERBB2,EGFR,KIT,MAP2K1,MET,FGFR3,NTRK3,MTOR,NRAS,PTEN,IDH1,PIK3R1,HIF1A,LDHA,MYC
hsa05132	Salmonella infection	28	209	0.62	1.06e-08	9606.ENSP00000221132,9606.ENSP00000259808,9606.ENSP00000265165,9606.ENSP00000265970,9606.ENSP00000272233,9606.ENSP00000276431,9606.ENSP00000301838,9606.ENSP00000302486,9606.ENSP00000306245,9606.ENSP00000306512,9606.ENSP00000311032,9606.ENSP00000317985,9606.ENSP00000335193,9606.ENSP00000339467,9606.ENSP00000340347,9606.ENSP00000356426,9606.ENSP00000360266,9606.ENSP00000363089,9606.ENSP00000367817,9606.ENSP00000381185,9606.ENSP00000389631,9606.ENSP00000398698,9606.ENSP00000400175,9606.ENSP00000410402,9606.ENSP00000447053,9606.ENSP00000478887,9606.ENSP00000495360,9606.ENSP00000498321	TNFRSF10A,RIPK1,LEF1,PIK3C2A,RHOB,TNFRSF10B,FADD,MAP2K1,FOS,CXCL8,CASP3,ROCK2,VPS39,RHOG,TCF7,TAB2,JUN,TLR4,PODXL,BCL2,ARPC1B,TNF,RHOA,MAP2K4,RAB5C,MYC,CTNNB1,MYD88
hsa05235	PD-L1 expression and PD-1 checkpoint pathway in cancer	18	87	0.81	2.60e-08	9606.ENSP00000234310,9606.ENSP00000256078,9606.ENSP00000264657,9606.ENSP00000275493,9606.ENSP00000302486,9606.ENSP00000306245,9606.ENSP00000354558,9606.ENSP00000358548,9606.ENSP00000360266,9606.ENSP00000361021,9606.ENSP00000363089,9606.ENSP00000370989,9606.ENSP00000371067,9606.ENSP00000378323,9606.ENSP00000428056,9606.ENSP00000437955,9606.ENSP00000498321,9606.ENSP00000499900	PPP3R1,KRAS,STAT3,EGFR,MAP2K1,FOS,MTOR,NRAS,JUN,PTEN,TLR4,CD274,JAK2,PPP3CA,PIK3R1,HIF1A,MYD88,JAK1
hsa04014	Ras signaling pathway	28	225	0.59	4.43e-08	9606.ENSP00000250559,9606.ENSP00000256078,9606.ENSP00000267843,9606.ENSP00000275493,9606.ENSP00000286301,9606.ENSP00000288135,9606.ENSP00000302486,9606.ENSP00000317272,9606.ENSP00000329967,9606.ENSP00000330382,9606.ENSP00000339824,9606.ENSP00000346508,9606.ENSP00000351015,9606.ENSP00000358464,9606.ENSP00000358548,9606.ENSP00000361423,9606.ENSP00000361892,9606.ENSP00000365230,9606.ENSP00000367686,9606.ENSP00000376436,9606.ENSP00000396045,9606.ENSP00000399324,9606.ENSP00000400175,9606.ENSP00000401303,9606.ENSP00000408695,9606.ENSP00000428056,9606.ENSP00000447053,9606.ENSP00000497069	RAP1B,KRAS,FGF7,EGFR,CSF1R,KIT,MAP2K1,MET,TBK1,PDGFB,FGFR3,PDGFA,NF1,SHOC2,NRAS,ABL1,STK4,BCL2L1,PAK5,ETS1,PLA2G4B,FGF16,RHOA,SHC1,PRKCA,PIK3R1,RAB5C,IGF1R
hsa04350	TGF-beta signaling pathway	18	91	0.79	4.54e-08	9606.ENSP00000260356,9606.ENSP00000262160,9606.ENSP00000305769,9606.ENSP00000324804,9606.ENSP00000332973,9606.ENSP00000341551,9606.ENSP00000351905,9606.ENSP00000363708,9606.ENSP00000364683,9606.ENSP00000368104,9606.ENSP00000379204,9606.ENSP00000398124,9606.ENSP00000398698,9606.ENSP00000400175,9606.ENSP00000405004,9606.ENSP00000441954,9606.ENSP00000447297,9606.ENSP00000478887	THBS1,SMAD2,SMAD1,PPP2R1A,SMAD3,SMAD4,TGFBR2,BMPR2,BAMBI,BMP2,BMP7,E2F5,TNF,RHOA,ACVR1,SMAD5,TGFBR1,MYC
hsa04520	Adherens junction	16	69	0.86	4.54e-08	9606.ENSP00000265165,9606.ENSP00000269571,9606.ENSP00000275493,9606.ENSP00000317272,9606.ENSP00000332973,9606.ENSP00000340347,9606.ENSP00000341551,9606.ENSP00000348416,9606.ENSP00000351905,9606.ENSP00000384625,9606.ENSP00000400010,9606.ENSP00000400175,9606.ENSP00000447297,9606.ENSP00000463325,9606.ENSP00000495360,9606.ENSP00000497069	LEF1,ERBB2,EGFR,MET,SMAD3,TCF7,SMAD4,TJP1,TGFBR2,NLK,PTPRJ,RHOA,TGFBR1,PTPRM,CTNNB1,IGF1R
hsa05203	Viral carcinogenesis	25	183	0.63	5.11e-08	9606.ENSP00000227507,9606.ENSP00000228872,9606.ENSP00000242480,9606.ENSP00000256078,9606.ENSP00000261254,9606.ENSP00000262133,9606.ENSP00000264657,9606.ENSP00000265354,9606.ENSP00000265734,9606.ENSP00000267163,9606.ENSP00000269305,9606.ENSP00000311032,9606.ENSP00000326119,9606.ENSP00000336790,9606.ENSP00000356070,9606.ENSP00000358548,9606.ENSP00000360266,9606.ENSP00000362649,9606.ENSP00000384849,9606.ENSP00000387699,9606.ENSP00000400175,9606.ENSP00000428056,9606.ENSP00000429089,9606.ENSP00000430432,9606.ENSP00000499900	CCND1,CDKN1B,EGR2,KRAS,CCND2,RBL2,STAT3,SRF,CDK6,RB1,TP53,CASP3,PMAIP1,ATF4,MAPKAPK2,NRAS,JUN,HDAC1,CDKN1A,CREB1,RHOA,PIK3R1,CCNE2,HDAC2,JAK1
hsa04012	ErbB signaling pathway	17	81	0.82	5.30e-08	9606.ENSP00000228872,9606.ENSP00000256078,9606.ENSP00000267101,9606.ENSP00000269571,9606.ENSP00000275493,9606.ENSP00000302486,9606.ENSP00000354558,9606.ENSP00000358548,9606.ENSP00000360266,9606.ENSP00000361423,9606.ENSP00000367686,9606.ENSP00000384849,9606.ENSP00000401303,9606.ENSP00000408695,9606.ENSP00000410402,9606.ENSP00000428056,9606.ENSP00000478887	CDKN1B,KRAS,ERBB3,ERBB2,EGFR,MAP2K1,MTOR,NRAS,JUN,ABL1,PAK5,CDKN1A,SHC1,PRKCA,MAP2K4,PIK3R1,MYC
hsa05170	Human immunodeficiency virus 1 infection	26	203	0.6	8.21e-08	9606.ENSP00000234310,9606.ENSP00000256078,9606.ENSP00000259808,9606.ENSP00000301838,9606.ENSP00000302486,9606.ENSP00000306245,9606.ENSP00000311032,9606.ENSP00000312999,9606.ENSP00000329967,9606.ENSP00000330237,9606.ENSP00000336740,9606.ENSP00000354558,9606.ENSP00000356426,9606.ENSP00000358548,9606.ENSP00000360266,9606.ENSP00000363089,9606.ENSP00000365230,9606.ENSP00000367686,9606.ENSP00000378323,9606.ENSP00000381185,9606.ENSP00000384109,9606.ENSP00000398698,9606.ENSP00000402084,9606.ENSP00000408695,9606.ENSP00000428056,9606.ENSP00000498321	PPP3R1,KRAS,RIPK1,FADD,MAP2K1,FOS,CASP3,GNAI2,TBK1,CASP9,LIMK1,MTOR,TAB2,NRAS,JUN,TLR4,BCL2L1,PAK5,PPP3CA,BCL2,CUL4B,TNF,WEE1,PRKCA,PIK3R1,MYD88
hsa04211	Longevity regulating pathway	17	87	0.79	1.29e-07	9606.ENSP00000212015,9606.ENSP00000256078,9606.ENSP00000262187,9606.ENSP00000269305,9606.ENSP00000287820,9606.ENSP00000304895,9606.ENSP00000307272,9606.ENSP00000311405,9606.ENSP00000336790,9606.ENSP00000339527,9606.ENSP00000354558,9606.ENSP00000358548,9606.ENSP00000368880,9606.ENSP00000387699,9606.ENSP00000428056,9606.ENSP00000446252,9606.ENSP00000497069	SIRT1,KRAS,RHEB,TP53,PPARG,IRS1,RPTOR,ADCY6,ATF4,FOXO3,MTOR,NRAS,FOXO1,CREB1,PIK3R1,SOD2,IGF1R
hsa04140	Autophagy - animal	20	131	0.68	2.93e-07	9606.ENSP00000215730,9606.ENSP00000256078,9606.ENSP00000262187,9606.ENSP00000283290,9606.ENSP00000302486,9606.ENSP00000304895,9606.ENSP00000307272,9606.ENSP00000307305,9606.ENSP00000312455,9606.ENSP00000329967,9606.ENSP00000344220,9606.ENSP00000354558,9606.ENSP00000355231,9606.ENSP00000358548,9606.ENSP00000361021,9606.ENSP00000365230,9606.ENSP00000381185,9606.ENSP00000428056,9606.ENSP00000437955,9606.ENSP00000497069	SNAP29,KRAS,RHEB,ATG3,MAP2K1,IRS1,RPTOR,DDIT4,CFLAR,TBK1,PDPK1,MTOR,BECN1,NRAS,PTEN,BCL2L1,BCL2,PIK3R1,HIF1A,IGF1R
hsa04380	Osteoclast differentiation	19	120	0.69	3.72e-07	9606.ENSP00000227163,9606.ENSP00000234310,9606.ENSP00000286301,9606.ENSP00000287820,9606.ENSP00000302486,9606.ENSP00000306245,9606.ENSP00000330341,9606.ENSP00000351905,9606.ENSP00000356426,9606.ENSP00000360266,9606.ENSP00000378323,9606.ENSP00000387699,9606.ENSP00000391803,9606.ENSP00000398698,9606.ENSP00000428056,9606.ENSP00000447297,9606.ENSP00000452786,9606.ENSP00000496577,9606.ENSP00000499900	SPI1,PPP3R1,CSF1R,PPARG,MAP2K1,FOS,SOCS3,TGFBR2,TAB2,JUN,PPP3CA,CREB1,MITF,TNF,PIK3R1,TGFBR1,ITGB3,SOCS1,JAK1
hsa04213	Longevity regulating pathway - multiple species	14	61	0.86	3.85e-07	9606.ENSP00000212015,9606.ENSP00000256078,9606.ENSP00000304895,9606.ENSP00000307272,9606.ENSP00000311405,9606.ENSP00000339527,9606.ENSP00000354558,9606.ENSP00000358548,9606.ENSP00000362649,9606.ENSP00000368880,9606.ENSP00000428056,9606.ENSP00000430432,9606.ENSP00000446252,9606.ENSP00000497069	SIRT1,KRAS,IRS1,RPTOR,ADCY6,FOXO3,MTOR,NRAS,HDAC1,FOXO1,PIK3R1,HDAC2,SOD2,IGF1R
hsa05164	Influenza A	22	163	0.62	4.30e-07	9606.ENSP00000221132,9606.ENSP00000254322,9606.ENSP00000264832,9606.ENSP00000265734,9606.ENSP00000276431,9606.ENSP00000301838,9606.ENSP00000302486,9606.ENSP00000306512,9606.ENSP00000311032,9606.ENSP00000329967,9606.ENSP00000330237,9606.ENSP00000330341,9606.ENSP00000363089,9606.ENSP00000370034,9606.ENSP00000371067,9606.ENSP00000398698,9606.ENSP00000408695,9606.ENSP00000428056,9606.ENSP00000448165,9606.ENSP00000464030,9606.ENSP00000498321,9606.ENSP00000499900	TNFRSF10A,DNAJB1,ICAM1,CDK6,TNFRSF10B,FADD,MAP2K1,CXCL8,CASP3,TBK1,CASP9,SOCS3,TLR4,TLR7,JAK2,TNF,PRKCA,PIK3R1,APAF1,IKBKE,MYD88,JAK1
hsa04150	mTOR signaling pathway	21	150	0.64	4.79e-07	9606.ENSP00000225512,9606.ENSP00000256078,9606.ENSP00000261349,9606.ENSP00000262187,9606.ENSP00000264634,9606.ENSP00000293549,9606.ENSP00000302486,9606.ENSP00000304895,9606.ENSP00000307272,9606.ENSP00000307305,9606.ENSP00000341032,9606.ENSP00000344220,9606.ENSP00000354558,9606.ENSP00000358548,9606.ENSP00000361021,9606.ENSP00000398698,9606.ENSP00000400175,9606.ENSP00000408695,9606.ENSP00000428056,9606.ENSP00000430282,9606.ENSP00000497069	WNT3,KRAS,LRP6,RHEB,WNT5A,WNT1,MAP2K1,IRS1,RPTOR,DDIT4,WNT7B,PDPK1,MTOR,NRAS,PTEN,TNF,RHOA,PRKCA,PIK3R1,ATP6V1C1,IGF1R
hsa04066	HIF-1 signaling pathway	17	102	0.72	8.95e-07	9606.ENSP00000216117,9606.ENSP00000228872,9606.ENSP00000264657,9606.ENSP00000269571,9606.ENSP00000275493,9606.ENSP00000302486,9606.ENSP00000354558,9606.ENSP00000363089,9606.ENSP00000381185,9606.ENSP00000384849,9606.ENSP00000408695,9606.ENSP00000428056,9606.ENSP00000437955,9606.ENSP00000445175,9606.ENSP00000492001,9606.ENSP00000495530,9606.ENSP00000497069	HMOX1,CDKN1B,STAT3,ERBB2,EGFR,MAP2K1,MTOR,TLR4,BCL2,CDKN1A,PRKCA,PIK3R1,HIF1A,LDHA,PFKFB3,ENO1,IGF1R
hsa05221	Acute myeloid leukemia	14	67	0.81	9.84e-07	9606.ENSP00000227163,9606.ENSP00000227507,9606.ENSP00000256078,9606.ENSP00000264657,9606.ENSP00000265165,9606.ENSP00000286301,9606.ENSP00000288135,9606.ENSP00000300305,9606.ENSP00000302486,9606.ENSP00000340347,9606.ENSP00000354558,9606.ENSP00000358548,9606.ENSP00000428056,9606.ENSP00000478887	SPI1,CCND1,KRAS,STAT3,LEF1,CSF1R,KIT,RUNX1,MAP2K1,TCF7,MTOR,NRAS,PIK3R1,MYC
hsa05216	Thyroid cancer	11	37	0.97	1.02e-06	9606.ENSP00000227507,9606.ENSP00000256078,9606.ENSP00000265165,9606.ENSP00000269305,9606.ENSP00000287820,9606.ENSP00000302486,9606.ENSP00000340347,9606.ENSP00000358548,9606.ENSP00000384849,9606.ENSP00000478887,9606.ENSP00000495360	CCND1,KRAS,LEF1,TP53,PPARG,MAP2K1,TCF7,NRAS,CDKN1A,MYC,CTNNB1
hsa04917	Prolactin signaling pathway	14	68	0.81	1.08e-06	9606.ENSP00000227507,9606.ENSP00000256078,9606.ENSP00000261254,9606.ENSP00000264657,9606.ENSP00000302486,9606.ENSP00000306245,9606.ENSP00000330341,9606.ENSP00000339527,9606.ENSP00000358548,9606.ENSP00000371067,9606.ENSP00000401303,9606.ENSP00000405330,9606.ENSP00000428056,9606.ENSP00000496577	CCND1,KRAS,CCND2,STAT3,MAP2K1,FOS,SOCS3,FOXO3,NRAS,JAK2,SHC1,ESR1,PIK3R1,SOCS1
hsa04928	Parathyroid hormone synthesis, secretion and action	17	104	0.71	1.08e-06	9606.ENSP00000261349,9606.ENSP00000271555,9606.ENSP00000275493,9606.ENSP00000302486,9606.ENSP00000306245,9606.ENSP00000308208,9606.ENSP00000311405,9606.ENSP00000312999,9606.ENSP00000336790,9606.ENSP00000360493,9606.ENSP00000381185,9606.ENSP00000384849,9606.ENSP00000387699,9606.ENSP00000400175,9606.ENSP00000400717,9606.ENSP00000408695,9606.ENSP00000453095	LRP6,MEF2D,EGFR,MAP2K1,FOS,MMP14,ADCY6,GNAI2,ATF4,RUNX2,BCL2,CDKN1A,CREB1,RHOA,GNA13,PRKCA,MEF2A
hsa04935	Growth hormone synthesis, secretion and action	18	117	0.68	1.08e-06	9606.ENSP00000256078,9606.ENSP00000264657,9606.ENSP00000302486,9606.ENSP00000304895,9606.ENSP00000306245,9606.ENSP00000311405,9606.ENSP00000312999,9606.ENSP00000330341,9606.ENSP00000336790,9606.ENSP00000354558,9606.ENSP00000358548,9606.ENSP00000371067,9606.ENSP00000387699,9606.ENSP00000401303,9606.ENSP00000408695,9606.ENSP00000410402,9606.ENSP00000428056,9606.ENSP00000496577	KRAS,STAT3,MAP2K1,IRS1,FOS,ADCY6,GNAI2,SOCS3,ATF4,MTOR,NRAS,JAK2,CREB1,SHC1,PRKCA,MAP2K4,PIK3R1,SOCS1
hsa04215	Apoptosis - multiple species	10	30	1.02	1.44e-06	9606.ENSP00000301838,9606.ENSP00000311032,9606.ENSP00000326119,9606.ENSP00000330237,9606.ENSP00000355231,9606.ENSP00000365230,9606.ENSP00000376943,9606.ENSP00000381185,9606.ENSP00000404503,9606.ENSP00000448165	FADD,CASP3,PMAIP1,CASP9,BECN1,BCL2L1,BCL2L11,BCL2,BBC3,APAF1
hsa04810	Regulation of actin cytoskeleton	24	209	0.55	1.48e-06	9606.ENSP00000200181,9606.ENSP00000216181,9606.ENSP00000256078,9606.ENSP00000257430,9606.ENSP00000267843,9606.ENSP00000275493,9606.ENSP00000293379,9606.ENSP00000296585,9606.ENSP00000302486,9606.ENSP00000308541,9606.ENSP00000317985,9606.ENSP00000330382,9606.ENSP00000336740,9606.ENSP00000339824,9606.ENSP00000346508,9606.ENSP00000346839,9606.ENSP00000358548,9606.ENSP00000367686,9606.ENSP00000389631,9606.ENSP00000399324,9606.ENSP00000400175,9606.ENSP00000400717,9606.ENSP00000428056,9606.ENSP00000452786	ITGB4,MYH9,KRAS,APC,FGF7,EGFR,ITGA5,ITGA2,MAP2K1,F2,ROCK2,PDGFB,LIMK1,FGFR3,PDGFA,FN1,NRAS,PAK5,ARPC1B,FGF16,RHOA,GNA13,PIK3R1,ITGB3
hsa04916	Melanogenesis	16	95	0.72	1.61e-06	9606.ENSP00000225512,9606.ENSP00000256078,9606.ENSP00000264634,9606.ENSP00000265165,9606.ENSP00000288135,9606.ENSP00000293549,9606.ENSP00000302486,9606.ENSP00000311405,9606.ENSP00000312999,9606.ENSP00000340347,9606.ENSP00000341032,9606.ENSP00000358548,9606.ENSP00000387699,9606.ENSP00000391803,9606.ENSP00000408695,9606.ENSP00000495360	WNT3,KRAS,WNT5A,LEF1,KIT,WNT1,MAP2K1,ADCY6,GNAI2,TCF7,WNT7B,NRAS,CREB1,MITF,PRKCA,CTNNB1
hsa05142	Chagas disease	16	97	0.71	2.03e-06	9606.ENSP00000262160,9606.ENSP00000301838,9606.ENSP00000306245,9606.ENSP00000306512,9606.ENSP00000312455,9606.ENSP00000312999,9606.ENSP00000324804,9606.ENSP00000325074,9606.ENSP00000351905,9606.ENSP00000360266,9606.ENSP00000363089,9606.ENSP00000398698,9606.ENSP00000410402,9606.ENSP00000428056,9606.ENSP00000447297,9606.ENSP00000498321	SMAD2,FADD,FOS,CXCL8,CFLAR,GNAI2,PPP2R1A,PPP2R2A,TGFBR2,JUN,TLR4,TNF,MAP2K4,PIK3R1,TGFBR1,MYD88
hsa05135	Yersinia infection	18	124	0.66	2.09e-06	9606.ENSP00000293379,9606.ENSP00000302486,9606.ENSP00000306245,9606.ENSP00000306512,9606.ENSP00000317985,9606.ENSP00000329967,9606.ENSP00000336740,9606.ENSP00000339467,9606.ENSP00000346839,9606.ENSP00000356426,9606.ENSP00000359552,9606.ENSP00000360266,9606.ENSP00000363089,9606.ENSP00000398698,9606.ENSP00000400175,9606.ENSP00000410402,9606.ENSP00000428056,9606.ENSP00000498321	ITGA5,MAP2K1,FOS,CXCL8,ROCK2,TBK1,LIMK1,RHOG,FN1,TAB2,PKN2,JUN,TLR4,TNF,RHOA,MAP2K4,PIK3R1,MYD88
hsa04722	Neurotrophin signaling pathway	17	112	0.68	2.46e-06	9606.ENSP00000250559,9606.ENSP00000256078,9606.ENSP00000269305,9606.ENSP00000302486,9606.ENSP00000304895,9606.ENSP00000336790,9606.ENSP00000339527,9606.ENSP00000344220,9606.ENSP00000354207,9606.ENSP00000356070,9606.ENSP00000358548,9606.ENSP00000360266,9606.ENSP00000361423,9606.ENSP00000381185,9606.ENSP00000400175,9606.ENSP00000401303,9606.ENSP00000428056	RAP1B,KRAS,TP53,MAP2K1,IRS1,ATF4,FOXO3,PDPK1,NTRK3,MAPKAPK2,NRAS,JUN,ABL1,BCL2,RHOA,SHC1,PIK3R1
hsa04015	Rap1 signaling pathway	23	201	0.55	2.57e-06	9606.ENSP00000250559,9606.ENSP00000256078,9606.ENSP00000260356,9606.ENSP00000267843,9606.ENSP00000275493,9606.ENSP00000286301,9606.ENSP00000288135,9606.ENSP00000295797,9606.ENSP00000302486,9606.ENSP00000311405,9606.ENSP00000312999,9606.ENSP00000317272,9606.ENSP00000330382,9606.ENSP00000339824,9606.ENSP00000346508,9606.ENSP00000358548,9606.ENSP00000399324,9606.ENSP00000400175,9606.ENSP00000408695,9606.ENSP00000428056,9606.ENSP00000452786,9606.ENSP00000495360,9606.ENSP00000497069	RAP1B,KRAS,THBS1,FGF7,EGFR,CSF1R,KIT,PRKCI,MAP2K1,ADCY6,GNAI2,MET,PDGFB,FGFR3,PDGFA,NRAS,FGF16,RHOA,PRKCA,PIK3R1,ITGB3,CTNNB1,IGF1R
hsa05217	Basal cell carcinoma	13	63	0.81	2.57e-06	9606.ENSP00000225512,9606.ENSP00000257430,9606.ENSP00000264634,9606.ENSP00000265165,9606.ENSP00000269305,9606.ENSP00000293549,9606.ENSP00000302625,9606.ENSP00000340347,9606.ENSP00000341032,9606.ENSP00000358918,9606.ENSP00000368104,9606.ENSP00000384849,9606.ENSP00000495360	WNT3,APC,WNT5A,LEF1,TP53,WNT1,AXIN2,TCF7,WNT7B,SUFU,BMP2,CDKN1A,CTNNB1
hsa05131	Shigellosis	24	218	0.54	2.68e-06	9606.ENSP00000259808,9606.ENSP00000269305,9606.ENSP00000275493,9606.ENSP00000293379,9606.ENSP00000306512,9606.ENSP00000307272,9606.ENSP00000317985,9606.ENSP00000329967,9606.ENSP00000339527,9606.ENSP00000354558,9606.ENSP00000355231,9606.ENSP00000356426,9606.ENSP00000360266,9606.ENSP00000363089,9606.ENSP00000365230,9606.ENSP00000368880,9606.ENSP00000381185,9606.ENSP00000389631,9606.ENSP00000398632,9606.ENSP00000398698,9606.ENSP00000400175,9606.ENSP00000428056,9606.ENSP00000494051,9606.ENSP00000498321	RIPK1,TP53,EGFR,ITGA5,CXCL8,RPTOR,ROCK2,TBK1,FOXO3,MTOR,BECN1,TAB2,JUN,TLR4,BCL2L1,FOXO1,BCL2,ARPC1B,CD44,TNF,RHOA,PIK3R1,SEPTIN3,MYD88
hsa04620	Toll-like receptor signaling pathway	16	100	0.7	2.69e-06	9606.ENSP00000259808,9606.ENSP00000263056,9606.ENSP00000301838,9606.ENSP00000302486,9606.ENSP00000306245,9606.ENSP00000306512,9606.ENSP00000329967,9606.ENSP00000356426,9606.ENSP00000360266,9606.ENSP00000363089,9606.ENSP00000370034,9606.ENSP00000398698,9606.ENSP00000410402,9606.ENSP00000428056,9606.ENSP00000464030,9606.ENSP00000498321	RIPK1,MAP3K8,FADD,MAP2K1,FOS,CXCL8,TBK1,TAB2,JUN,TLR4,TLR7,TNF,MAP2K4,PIK3R1,IKBKE,MYD88
hsa04137	Mitophagy - animal	13	64	0.8	2.87e-06	9606.ENSP00000256078,9606.ENSP00000269305,9606.ENSP00000329967,9606.ENSP00000336790,9606.ENSP00000339527,9606.ENSP00000345571,9606.ENSP00000355231,9606.ENSP00000358548,9606.ENSP00000360266,9606.ENSP00000365230,9606.ENSP00000370003,9606.ENSP00000391803,9606.ENSP00000437955	KRAS,TP53,TBK1,ATF4,FOXO3,E2F1,BECN1,NRAS,JUN,BCL2L1,BNIP3L,MITF,HIF1A
hsa04512	ECM-receptor interaction	15	88	0.73	2.89e-06	9606.ENSP00000200181,9606.ENSP00000225964,9606.ENSP00000258341,9606.ENSP00000260356,9606.ENSP00000264144,9606.ENSP00000293379,9606.ENSP00000296585,9606.ENSP00000297268,9606.ENSP00000331902,9606.ENSP00000346839,9606.ENSP00000353654,9606.ENSP00000355361,9606.ENSP00000364979,9606.ENSP00000398632,9606.ENSP00000452786	ITGB4,COL1A1,LAMC1,THBS1,LAMC2,ITGA5,ITGA2,COL1A2,COL4A5,FN1,COL4A2,CD47,COL4A1,CD44,ITGB3
hsa05418	Fluid shear stress and atherosclerosis	18	129	0.64	3.16e-06	9606.ENSP00000216117,9606.ENSP00000264832,9606.ENSP00000269305,9606.ENSP00000306245,9606.ENSP00000330382,9606.ENSP00000346508,9606.ENSP00000360266,9606.ENSP00000361405,9606.ENSP00000363708,9606.ENSP00000381185,9606.ENSP00000398698,9606.ENSP00000400175,9606.ENSP00000405004,9606.ENSP00000410402,9606.ENSP00000428056,9606.ENSP00000452786,9606.ENSP00000453095,9606.ENSP00000495360	HMOX1,ICAM1,TP53,FOS,PDGFB,PDGFA,JUN,MMP9,BMPR2,BCL2,TNF,RHOA,ACVR1,MAP2K4,PIK3R1,ITGB3,MEF2A,CTNNB1
hsa05211	Renal cell carcinoma	13	65	0.8	3.23e-06	9606.ENSP00000250559,9606.ENSP00000256078,9606.ENSP00000263734,9606.ENSP00000302486,9606.ENSP00000317272,9606.ENSP00000330382,9606.ENSP00000358548,9606.ENSP00000360266,9606.ENSP00000367686,9606.ENSP00000376436,9606.ENSP00000384849,9606.ENSP00000428056,9606.ENSP00000437955	RAP1B,KRAS,EPAS1,MAP2K1,MET,PDGFB,NRAS,JUN,PAK5,ETS1,CDKN1A,PIK3R1,HIF1A
hsa04071	Sphingolipid signaling pathway	17	116	0.66	3.39e-06	9606.ENSP00000256078,9606.ENSP00000269305,9606.ENSP00000302486,9606.ENSP00000305416,9606.ENSP00000312999,9606.ENSP00000317985,9606.ENSP00000324804,9606.ENSP00000325074,9606.ENSP00000344220,9606.ENSP00000358548,9606.ENSP00000361021,9606.ENSP00000381185,9606.ENSP00000398698,9606.ENSP00000400175,9606.ENSP00000400717,9606.ENSP00000408695,9606.ENSP00000428056	KRAS,TP53,MAP2K1,S1PR1,GNAI2,ROCK2,PPP2R1A,PPP2R2A,PDPK1,NRAS,PTEN,BCL2,TNF,RHOA,GNA13,PRKCA,PIK3R1
hsa05145	Toxoplasmosis	16	103	0.69	3.54e-06	9606.ENSP00000258341,9606.ENSP00000264144,9606.ENSP00000264657,9606.ENSP00000311032,9606.ENSP00000312999,9606.ENSP00000330237,9606.ENSP00000344220,9606.ENSP00000356426,9606.ENSP00000363089,9606.ENSP00000365230,9606.ENSP00000371067,9606.ENSP00000381185,9606.ENSP00000398698,9606.ENSP00000496577,9606.ENSP00000498321,9606.ENSP00000499900	LAMC1,LAMC2,STAT3,CASP3,GNAI2,CASP9,PDPK1,TAB2,TLR4,BCL2L1,JAK2,BCL2,TNF,SOCS1,MYD88,JAK1
hsa04072	Phospholipase D signaling pathway	19	147	0.61	4.23e-06	9606.ENSP00000256078,9606.ENSP00000262187,9606.ENSP00000275493,9606.ENSP00000288135,9606.ENSP00000302486,9606.ENSP00000306512,9606.ENSP00000308541,9606.ENSP00000311405,9606.ENSP00000330382,9606.ENSP00000346508,9606.ENSP00000354558,9606.ENSP00000358548,9606.ENSP00000396045,9606.ENSP00000398832,9606.ENSP00000400175,9606.ENSP00000400717,9606.ENSP00000401303,9606.ENSP00000408695,9606.ENSP00000428056	KRAS,RHEB,EGFR,KIT,MAP2K1,CXCL8,F2,ADCY6,PDGFB,PDGFA,MTOR,NRAS,PLA2G4B,AGTR1,RHOA,GNA13,SHC1,PRKCA,PIK3R1
hsa04371	Apelin signaling pathway	18	133	0.63	4.42e-06	9606.ENSP00000227507,9606.ENSP00000254958,9606.ENSP00000256078,9606.ENSP00000262160,9606.ENSP00000271555,9606.ENSP00000302486,9606.ENSP00000311405,9606.ENSP00000312999,9606.ENSP00000332973,9606.ENSP00000341551,9606.ENSP00000354558,9606.ENSP00000355231,9606.ENSP00000356954,9606.ENSP00000358548,9606.ENSP00000398832,9606.ENSP00000400717,9606.ENSP00000447297,9606.ENSP00000453095	CCND1,JAG1,KRAS,SMAD2,MEF2D,MAP2K1,ADCY6,GNAI2,SMAD3,SMAD4,MTOR,BECN1,CCN2,NRAS,AGTR1,GNA13,TGFBR1,MEF2A
hsa04915	Estrogen signaling pathway	18	133	0.63	4.42e-06	9606.ENSP00000256078,9606.ENSP00000275493,9606.ENSP00000302486,9606.ENSP00000306245,9606.ENSP00000311405,9606.ENSP00000312999,9606.ENSP00000336790,9606.ENSP00000355124,9606.ENSP00000358548,9606.ENSP00000360266,9606.ENSP00000361066,9606.ENSP00000361405,9606.ENSP00000381185,9606.ENSP00000387699,9606.ENSP00000399968,9606.ENSP00000401303,9606.ENSP00000405330,9606.ENSP00000428056	KRAS,EGFR,MAP2K1,FOS,ADCY6,GNAI2,ATF4,KRT19,NRAS,JUN,NCOA3,MMP9,BCL2,CREB1,NCOA2,SHC1,ESR1,PIK3R1
hsa04152	AMPK signaling pathway	17	120	0.65	4.86e-06	9606.ENSP00000212015,9606.ENSP00000227507,9606.ENSP00000262187,9606.ENSP00000287820,9606.ENSP00000304895,9606.ENSP00000307272,9606.ENSP00000317904,9606.ENSP00000324804,9606.ENSP00000325074,9606.ENSP00000339527,9606.ENSP00000344220,9606.ENSP00000354558,9606.ENSP00000368880,9606.ENSP00000387699,9606.ENSP00000428056,9606.ENSP00000492001,9606.ENSP00000497069	SIRT1,CCND1,RHEB,PPARG,IRS1,RPTOR,GYS1,PPP2R1A,PPP2R2A,FOXO3,PDPK1,MTOR,FOXO1,CREB1,PIK3R1,PFKFB3,IGF1R
hsa05010	Alzheimer disease	31	354	0.44	5.56e-06	9606.ENSP00000216037,9606.ENSP00000225512,9606.ENSP00000234310,9606.ENSP00000256078,9606.ENSP00000257430,9606.ENSP00000261349,9606.ENSP00000264634,9606.ENSP00000284981,9606.ENSP00000293549,9606.ENSP00000301838,9606.ENSP00000302486,9606.ENSP00000302625,9606.ENSP00000304895,9606.ENSP00000307078,9606.ENSP00000311032,9606.ENSP00000330237,9606.ENSP00000336790,9606.ENSP00000341032,9606.ENSP00000354558,9606.ENSP00000355231,9606.ENSP00000356438,9606.ENSP00000358548,9606.ENSP00000365243,9606.ENSP00000378323,9606.ENSP00000398698,9606.ENSP00000428056,9606.ENSP00000439020,9606.ENSP00000440045,9606.ENSP00000448165,9606.ENSP00000495360,9606.ENSP00000497642	XBP1,WNT3,PPP3R1,KRAS,APC,LRP6,WNT5A,APP,WNT1,FADD,MAP2K1,AXIN2,IRS1,KIF5B,CASP3,CASP9,ATF4,WNT7B,MTOR,BECN1,PTGS2,NRAS,COX4I2,PPP3CA,TNF,PIK3R1,TUBA1A,ATP2A2,APAF1,CTNNB1,LPL
hsa05231	Choline metabolism in cancer	15	95	0.69	6.02e-06	9606.ENSP00000256078,9606.ENSP00000262187,9606.ENSP00000275493,9606.ENSP00000302486,9606.ENSP00000306245,9606.ENSP00000330382,9606.ENSP00000344220,9606.ENSP00000346508,9606.ENSP00000354558,9606.ENSP00000358548,9606.ENSP00000360266,9606.ENSP00000396045,9606.ENSP00000408695,9606.ENSP00000428056,9606.ENSP00000437955	KRAS,RHEB,EGFR,MAP2K1,FOS,PDGFB,PDPK1,PDGFA,MTOR,NRAS,JUN,PLA2G4B,PRKCA,PIK3R1,HIF1A
hsa01524	Platinum drug resistance	13	70	0.76	6.03e-06	9606.ENSP00000269305,9606.ENSP00000269571,9606.ENSP00000301838,9606.ENSP00000311032,9606.ENSP00000326119,9606.ENSP00000330237,9606.ENSP00000344220,9606.ENSP00000365230,9606.ENSP00000381185,9606.ENSP00000384849,9606.ENSP00000404503,9606.ENSP00000428056,9606.ENSP00000448165	TP53,ERBB2,FADD,CASP3,PMAIP1,CASP9,PDPK1,BCL2L1,BCL2,CDKN1A,BBC3,PIK3R1,APAF1
hsa04659	Th17 cell differentiation	15	99	0.67	9.31e-06	9606.ENSP00000234310,9606.ENSP00000262160,9606.ENSP00000264657,9606.ENSP00000300305,9606.ENSP00000306245,9606.ENSP00000332973,9606.ENSP00000341551,9606.ENSP00000351905,9606.ENSP00000354558,9606.ENSP00000360266,9606.ENSP00000371067,9606.ENSP00000378323,9606.ENSP00000437955,9606.ENSP00000447297,9606.ENSP00000499900	PPP3R1,SMAD2,STAT3,RUNX1,FOS,SMAD3,SMAD4,TGFBR2,MTOR,JUN,JAK2,PPP3CA,HIF1A,TGFBR1,JAK1
hsa05146	Amoebiasis	15	101	0.67	1.15e-05	9606.ENSP00000225964,9606.ENSP00000258341,9606.ENSP00000264144,9606.ENSP00000297268,9606.ENSP00000306512,9606.ENSP00000311032,9606.ENSP00000331902,9606.ENSP00000346839,9606.ENSP00000353654,9606.ENSP00000363089,9606.ENSP00000364979,9606.ENSP00000398698,9606.ENSP00000408695,9606.ENSP00000428056,9606.ENSP00000447053	COL1A1,LAMC1,LAMC2,COL1A2,CXCL8,CASP3,COL4A5,FN1,COL4A2,TLR4,COL4A1,TNF,PRKCA,PIK3R1,RAB5C
hsa05031	Amphetamine addiction	12	65	0.76	1.55e-05	9606.ENSP00000212015,9606.ENSP00000222812,9606.ENSP00000234310,9606.ENSP00000296526,9606.ENSP00000306245,9606.ENSP00000336790,9606.ENSP00000360266,9606.ENSP00000362649,9606.ENSP00000378323,9606.ENSP00000387699,9606.ENSP00000408695,9606.ENSP00000430432	SIRT1,STX1A,PPP3R1,GRIA2,FOS,ATF4,JUN,HDAC1,PPP3CA,CREB1,PRKCA,HDAC2
hsa04657	IL-17 signaling pathway	14	91	0.68	1.66e-05	9606.ENSP00000299855,9606.ENSP00000301838,9606.ENSP00000305422,9606.ENSP00000306245,9606.ENSP00000306512,9606.ENSP00000311032,9606.ENSP00000322788,9606.ENSP00000329967,9606.ENSP00000356426,9606.ENSP00000356438,9606.ENSP00000360266,9606.ENSP00000361405,9606.ENSP00000398698,9606.ENSP00000464030	MMP3,FADD,CEBPB,FOS,CXCL8,CASP3,MMP1,TBK1,TAB2,PTGS2,JUN,MMP9,TNF,IKBKE
hsa04650	Natural killer cell mediated cytotoxicity	16	120	0.62	1.84e-05	9606.ENSP00000216341,9606.ENSP00000221132,9606.ENSP00000234310,9606.ENSP00000256078,9606.ENSP00000264832,9606.ENSP00000276431,9606.ENSP00000302486,9606.ENSP00000311032,9606.ENSP00000358548,9606.ENSP00000378323,9606.ENSP00000398568,9606.ENSP00000398698,9606.ENSP00000401303,9606.ENSP00000408695,9606.ENSP00000413079,9606.ENSP00000428056	GZMB,TNFRSF10A,PPP3R1,KRAS,ICAM1,TNFRSF10B,MAP2K1,CASP3,NRAS,PPP3CA,PRF1,TNF,SHC1,PRKCA,MICA,PIK3R1
hsa04370	VEGF signaling pathway	11	56	0.79	2.24e-05	9606.ENSP00000234310,9606.ENSP00000256078,9606.ENSP00000302486,9606.ENSP00000330237,9606.ENSP00000356070,9606.ENSP00000356438,9606.ENSP00000358548,9606.ENSP00000378323,9606.ENSP00000396045,9606.ENSP00000408695,9606.ENSP00000428056	PPP3R1,KRAS,MAP2K1,CASP9,MAPKAPK2,PTGS2,NRAS,PPP3CA,PLA2G4B,PRKCA,PIK3R1
hsa04630	JAK-STAT signaling pathway	18	158	0.55	3.46e-05	9606.ENSP00000227507,9606.ENSP00000249075,9606.ENSP00000261254,9606.ENSP00000264657,9606.ENSP00000275493,9606.ENSP00000330341,9606.ENSP00000330382,9606.ENSP00000346508,9606.ENSP00000354558,9606.ENSP00000360730,9606.ENSP00000365230,9606.ENSP00000371067,9606.ENSP00000381185,9606.ENSP00000384849,9606.ENSP00000428056,9606.ENSP00000478887,9606.ENSP00000496577,9606.ENSP00000499900	CCND1,LIF,CCND2,STAT3,EGFR,SOCS3,PDGFB,PDGFA,MTOR,IL13RA1,BCL2L1,JAK2,BCL2,CDKN1A,PIK3R1,MYC,SOCS1,JAK1
hsa04660	T cell receptor signaling pathway	14	100	0.64	4.19e-05	9606.ENSP00000234310,9606.ENSP00000256078,9606.ENSP00000263056,9606.ENSP00000302486,9606.ENSP00000306245,9606.ENSP00000344220,9606.ENSP00000358548,9606.ENSP00000360266,9606.ENSP00000367686,9606.ENSP00000378323,9606.ENSP00000398698,9606.ENSP00000400175,9606.ENSP00000428056,9606.ENSP00000497102	PPP3R1,KRAS,MAP3K8,MAP2K1,FOS,PDPK1,NRAS,JUN,PAK5,PPP3CA,TNF,RHOA,PIK3R1,CTLA4
hsa04022	cGMP-PKG signaling pathway	18	163	0.54	4.99e-05	9606.ENSP00000234310,9606.ENSP00000265354,9606.ENSP00000271555,9606.ENSP00000302486,9606.ENSP00000304895,9606.ENSP00000311405,9606.ENSP00000312999,9606.ENSP00000317985,9606.ENSP00000336790,9606.ENSP00000351957,9606.ENSP00000378323,9606.ENSP00000387699,9606.ENSP00000392043,9606.ENSP00000398832,9606.ENSP00000400175,9606.ENSP00000400717,9606.ENSP00000440045,9606.ENSP00000453095	PPP3R1,SRF,MEF2D,MAP2K1,IRS1,ADCY6,GNAI2,ROCK2,ATF4,PDE3A,PPP3CA,CREB1,ATP2B1,AGTR1,RHOA,GNA13,ATP2A2,MEF2A
hsa04921	Oxytocin signaling pathway	17	147	0.56	4.99e-05	9606.ENSP00000227507,9606.ENSP00000234310,9606.ENSP00000256078,9606.ENSP00000275493,9606.ENSP00000302486,9606.ENSP00000306245,9606.ENSP00000311405,9606.ENSP00000312999,9606.ENSP00000317985,9606.ENSP00000356438,9606.ENSP00000358548,9606.ENSP00000360266,9606.ENSP00000378323,9606.ENSP00000384849,9606.ENSP00000396045,9606.ENSP00000400175,9606.ENSP00000408695	CCND1,PPP3R1,KRAS,EGFR,MAP2K1,FOS,ADCY6,GNAI2,ROCK2,PTGS2,NRAS,JUN,PPP3CA,CDKN1A,PLA2G4B,RHOA,PRKCA
hsa04664	Fc epsilon RI signaling pathway	11	65	0.72	7.35e-05	9606.ENSP00000256078,9606.ENSP00000302486,9606.ENSP00000344220,9606.ENSP00000358548,9606.ENSP00000396045,9606.ENSP00000398698,9606.ENSP00000405338,9606.ENSP00000408695,9606.ENSP00000410402,9606.ENSP00000428056,9606.ENSP00000479870	KRAS,MAP2K1,PDPK1,NRAS,PLA2G4B,TNF,INPP5D,PRKCA,MAP2K4,PIK3R1,ALOX5AP
hsa04611	Platelet activation	15	122	0.58	8.00e-05	9606.ENSP00000225964,9606.ENSP00000249647,9606.ENSP00000250559,9606.ENSP00000295797,9606.ENSP00000296585,9606.ENSP00000297268,9606.ENSP00000308541,9606.ENSP00000311405,9606.ENSP00000312999,9606.ENSP00000317985,9606.ENSP00000396045,9606.ENSP00000400175,9606.ENSP00000400717,9606.ENSP00000428056,9606.ENSP00000452786	COL1A1,SNAP23,RAP1B,PRKCI,ITGA2,COL1A2,F2,ADCY6,GNAI2,ROCK2,PLA2G4B,RHOA,GNA13,PIK3R1,ITGB3
hsa04360	Axon guidance	18	176	0.5	0.00012	9606.ENSP00000204961,9606.ENSP00000234310,9606.ENSP00000256078,9606.ENSP00000264634,9606.ENSP00000312999,9606.ENSP00000317272,9606.ENSP00000317985,9606.ENSP00000336740,9606.ENSP00000358548,9606.ENSP00000361423,9606.ENSP00000363708,9606.ENSP00000367686,9606.ENSP00000378323,9606.ENSP00000379204,9606.ENSP00000400175,9606.ENSP00000408695,9606.ENSP00000428056,9606.ENSP00000478721	EFNB1,PPP3R1,KRAS,WNT5A,GNAI2,MET,ROCK2,LIMK1,NRAS,ABL1,BMPR2,PAK5,PPP3CA,BMP7,RHOA,PRKCA,PIK3R1,RYK
hsa04730	Long-term depression	10	59	0.72	0.00017	9606.ENSP00000256078,9606.ENSP00000296526,9606.ENSP00000302486,9606.ENSP00000312999,9606.ENSP00000324804,9606.ENSP00000358548,9606.ENSP00000396045,9606.ENSP00000400717,9606.ENSP00000408695,9606.ENSP00000497069	KRAS,GRIA2,MAP2K1,GNAI2,PPP2R1A,NRAS,PLA2G4B,GNA13,PRKCA,IGF1R
hsa04540	Gap junction	12	87	0.63	0.00018	9606.ENSP00000256078,9606.ENSP00000275493,9606.ENSP00000302486,9606.ENSP00000311405,9606.ENSP00000312999,9606.ENSP00000330382,9606.ENSP00000346508,9606.ENSP00000348416,9606.ENSP00000358548,9606.ENSP00000381531,9606.ENSP00000408695,9606.ENSP00000439020	KRAS,EGFR,MAP2K1,ADCY6,GNAI2,PDGFB,PDGFA,TJP1,NRAS,CSNK1D,PRKCA,TUBA1A
hsa04910	Insulin signaling pathway	15	132	0.55	0.00018	9606.ENSP00000256078,9606.ENSP00000262187,9606.ENSP00000295797,9606.ENSP00000302486,9606.ENSP00000304895,9606.ENSP00000307272,9606.ENSP00000317904,9606.ENSP00000330341,9606.ENSP00000344220,9606.ENSP00000354558,9606.ENSP00000358548,9606.ENSP00000368880,9606.ENSP00000401303,9606.ENSP00000428056,9606.ENSP00000496577	KRAS,RHEB,PRKCI,MAP2K1,IRS1,RPTOR,GYS1,SOCS3,PDPK1,MTOR,NRAS,FOXO1,SHC1,PIK3R1,SOCS1
hsa05152	Tuberculosis	17	165	0.51	0.00018	9606.ENSP00000234310,9606.ENSP00000264649,9606.ENSP00000301838,9606.ENSP00000305422,9606.ENSP00000311032,9606.ENSP00000330237,9606.ENSP00000363089,9606.ENSP00000371067,9606.ENSP00000378323,9606.ENSP00000381185,9606.ENSP00000387699,9606.ENSP00000398698,9606.ENSP00000400175,9606.ENSP00000447053,9606.ENSP00000448165,9606.ENSP00000498321,9606.ENSP00000499900	PPP3R1,ATP6V0A1,FADD,CEBPB,CASP3,CASP9,TLR4,JAK2,PPP3CA,BCL2,CREB1,TNF,RHOA,RAB5C,APAF1,MYD88,JAK1
hsa04914	Progesterone-mediated oocyte maturation	12	95	0.6	0.00038	9606.ENSP00000245960,9606.ENSP00000256078,9606.ENSP00000296509,9606.ENSP00000300093,9606.ENSP00000302486,9606.ENSP00000302530,9606.ENSP00000303706,9606.ENSP00000311405,9606.ENSP00000312999,9606.ENSP00000339109,9606.ENSP00000428056,9606.ENSP00000497069	CDC25B,KRAS,MAD2L1,PLK1,MAP2K1,BUB1,CDC25A,ADCY6,GNAI2,ANAPC1,PIK3R1,IGF1R
hsa05323	Rheumatoid arthritis	11	83	0.62	0.00050	9606.ENSP00000264649,9606.ENSP00000264832,9606.ENSP00000299855,9606.ENSP00000306245,9606.ENSP00000306512,9606.ENSP00000322788,9606.ENSP00000360266,9606.ENSP00000363089,9606.ENSP00000398698,9606.ENSP00000430282,9606.ENSP00000497102	ATP6V0A1,ICAM1,MMP3,FOS,CXCL8,MMP1,JUN,TLR4,TNF,ATP6V1C1,CTLA4
hsa04130	SNARE interactions in vesicular transport	7	32	0.83	0.00054	9606.ENSP00000054666,9606.ENSP00000215730,9606.ENSP00000222547,9606.ENSP00000222812,9606.ENSP00000249647,9606.ENSP00000258301,9606.ENSP00000356918	VAMP3,SNAP29,BET1,STX1A,SNAP23,STX6,STX7
hsa05100	Bacterial invasion of epithelial cells	10	70	0.65	0.00055	9606.ENSP00000293379,9606.ENSP00000317272,9606.ENSP00000339467,9606.ENSP00000346839,9606.ENSP00000389631,9606.ENSP00000400175,9606.ENSP00000401303,9606.ENSP00000428056,9606.ENSP00000494051,9606.ENSP00000495360	ITGA5,MET,RHOG,FN1,ARPC1B,RHOA,SHC1,PIK3R1,SEPTIN3,CTNNB1
hsa04658	Th1 and Th2 cell differentiation	11	85	0.61	0.00058	9606.ENSP00000234310,9606.ENSP00000254958,9606.ENSP00000256646,9606.ENSP00000306245,9606.ENSP00000327048,9606.ENSP00000355718,9606.ENSP00000360266,9606.ENSP00000371067,9606.ENSP00000378323,9606.ENSP00000498587,9606.ENSP00000499900	PPP3R1,JAG1,NOTCH2,FOS,MAF,DLL1,JUN,JAK2,PPP3CA,NOTCH1,JAK1
hsa04064	NF-kappa B signaling pathway	12	101	0.57	0.00062	9606.ENSP00000259808,9606.ENSP00000264832,9606.ENSP00000306512,9606.ENSP00000312455,9606.ENSP00000348056,9606.ENSP00000356426,9606.ENSP00000356438,9606.ENSP00000363089,9606.ENSP00000365230,9606.ENSP00000381185,9606.ENSP00000398698,9606.ENSP00000498321	RIPK1,ICAM1,CXCL8,CFLAR,UBE2I,TAB2,PTGS2,TLR4,BCL2L1,BCL2,TNF,MYD88
hsa04625	C-type lectin receptor signaling pathway	12	101	0.57	0.00062	9606.ENSP00000234310,9606.ENSP00000242480,9606.ENSP00000256078,9606.ENSP00000356070,9606.ENSP00000356438,9606.ENSP00000358548,9606.ENSP00000360266,9606.ENSP00000378323,9606.ENSP00000398698,9606.ENSP00000400175,9606.ENSP00000428056,9606.ENSP00000464030	PPP3R1,EGR2,KRAS,MAPKAPK2,PTGS2,NRAS,JUN,PPP3CA,TNF,RHOA,PIK3R1,IKBKE
hsa04912	GnRH signaling pathway	11	87	0.6	0.00068	9606.ENSP00000256078,9606.ENSP00000275493,9606.ENSP00000302486,9606.ENSP00000308208,9606.ENSP00000311405,9606.ENSP00000336790,9606.ENSP00000358548,9606.ENSP00000360266,9606.ENSP00000396045,9606.ENSP00000408695,9606.ENSP00000410402	KRAS,EGFR,MAP2K1,MMP14,ADCY6,ATF4,NRAS,JUN,PLA2G4B,PRKCA,MAP2K4
hsa05133	Pertussis	10	73	0.63	0.00072	9606.ENSP00000293379,9606.ENSP00000306245,9606.ENSP00000306512,9606.ENSP00000311032,9606.ENSP00000312999,9606.ENSP00000360266,9606.ENSP00000363089,9606.ENSP00000398698,9606.ENSP00000400175,9606.ENSP00000498321	ITGA5,FOS,CXCL8,CASP3,GNAI2,JUN,TLR4,TNF,RHOA,MYD88
hsa04114	Oocyte meiosis	13	121	0.53	0.00081	9606.ENSP00000234310,9606.ENSP00000296509,9606.ENSP00000300093,9606.ENSP00000302486,9606.ENSP00000302530,9606.ENSP00000311405,9606.ENSP00000323421,9606.ENSP00000324804,9606.ENSP00000339109,9606.ENSP00000363822,9606.ENSP00000378323,9606.ENSP00000429089,9606.ENSP00000497069	PPP3R1,MAD2L1,PLK1,MAP2K1,BUB1,ADCY6,SMC1A,PPP2R1A,ANAPC1,AR,PPP3CA,CCNE2,IGF1R
hsa04621	NOD-like receptor signaling pathway	16	173	0.46	0.00082	9606.ENSP00000259808,9606.ENSP00000301838,9606.ENSP00000306512,9606.ENSP00000329967,9606.ENSP00000356426,9606.ENSP00000359552,9606.ENSP00000360266,9606.ENSP00000363089,9606.ENSP00000365230,9606.ENSP00000381185,9606.ENSP00000398698,9606.ENSP00000400175,9606.ENSP00000462521,9606.ENSP00000464030,9606.ENSP00000498321,9606.ENSP00000499900	RIPK1,FADD,CXCL8,TBK1,TAB2,PKN2,JUN,TLR4,BCL2L1,BCL2,TNF,RHOA,TXNIP,IKBKE,MYD88,JAK1
hsa04931	Insulin resistance	12	106	0.55	0.00088	9606.ENSP00000264657,9606.ENSP00000304895,9606.ENSP00000317904,9606.ENSP00000330341,9606.ENSP00000344220,9606.ENSP00000354558,9606.ENSP00000361021,9606.ENSP00000368880,9606.ENSP00000385523,9606.ENSP00000387699,9606.ENSP00000398698,9606.ENSP00000428056	STAT3,IRS1,GYS1,SOCS3,PDPK1,MTOR,PTEN,FOXO1,PPARA,CREB1,TNF,PIK3R1
hsa04530	Tight junction	15	157	0.47	0.00090	9606.ENSP00000216181,9606.ENSP00000227507,9606.ENSP00000269571,9606.ENSP00000295522,9606.ENSP00000295797,9606.ENSP00000300305,9606.ENSP00000317985,9606.ENSP00000324804,9606.ENSP00000325074,9606.ENSP00000344666,9606.ENSP00000348416,9606.ENSP00000360266,9606.ENSP00000400175,9606.ENSP00000424827,9606.ENSP00000439020	MYH9,CCND1,ERBB2,CLDN1,PRKCI,RUNX1,ROCK2,PPP2R1A,PPP2R2A,NF2,TJP1,JUN,RHOA,NEDD4,TUBA1A
hsa04720	Long-term potentiation	9	63	0.65	0.0010	9606.ENSP00000234310,9606.ENSP00000250559,9606.ENSP00000256078,9606.ENSP00000296526,9606.ENSP00000302486,9606.ENSP00000336790,9606.ENSP00000358548,9606.ENSP00000378323,9606.ENSP00000408695	PPP3R1,RAP1B,KRAS,GRIA2,MAP2K1,ATF4,NRAS,PPP3CA,PRKCA
hsa04726	Serotonergic synapse	12	108	0.54	0.0010	9606.ENSP00000256078,9606.ENSP00000261707,9606.ENSP00000284981,9606.ENSP00000302486,9606.ENSP00000311032,9606.ENSP00000312999,9606.ENSP00000316244,9606.ENSP00000356438,9606.ENSP00000358548,9606.ENSP00000358963,9606.ENSP00000396045,9606.ENSP00000408695	KRAS,SLC6A4,APP,MAP2K1,CASP3,GNAI2,HTR1A,PTGS2,NRAS,HTR1B,PLA2G4B,PRKCA
hsa05412	Arrhythmogenic right ventricular cardiomyopathy	10	77	0.61	0.0010	9606.ENSP00000200181,9606.ENSP00000261590,9606.ENSP00000265165,9606.ENSP00000293379,9606.ENSP00000296585,9606.ENSP00000340347,9606.ENSP00000369129,9606.ENSP00000440045,9606.ENSP00000452786,9606.ENSP00000495360	ITGB4,DSG2,LEF1,ITGA5,ITGA2,TCF7,DSP,ATP2A2,ITGB3,CTNNB1
hsa04725	Cholinergic synapse	12	109	0.54	0.0011	9606.ENSP00000256078,9606.ENSP00000302486,9606.ENSP00000306245,9606.ENSP00000311405,9606.ENSP00000312999,9606.ENSP00000336790,9606.ENSP00000358548,9606.ENSP00000371067,9606.ENSP00000381185,9606.ENSP00000387699,9606.ENSP00000408695,9606.ENSP00000428056	KRAS,MAP2K1,FOS,ADCY6,GNAI2,ATF4,NRAS,JAK2,BCL2,CREB1,PRKCA,PIK3R1
hsa04932	Non-alcoholic fatty liver disease	14	146	0.48	0.0013	9606.ENSP00000216037,9606.ENSP00000304895,9606.ENSP00000306245,9606.ENSP00000306512,9606.ENSP00000311032,9606.ENSP00000330341,9606.ENSP00000336790,9606.ENSP00000360266,9606.ENSP00000365243,9606.ENSP00000376943,9606.ENSP00000385523,9606.ENSP00000398698,9606.ENSP00000428056,9606.ENSP00000499786	XBP1,IRS1,FOS,CXCL8,CASP3,SOCS3,ATF4,JUN,COX4I2,BCL2L11,PPARA,TNF,PIK3R1,ITCH
hsa05120	Epithelial cell signaling in Helicobacter pylori infection	9	65	0.64	0.0013	9606.ENSP00000264649,9606.ENSP00000275493,9606.ENSP00000306512,9606.ENSP00000311032,9606.ENSP00000317272,9606.ENSP00000348416,9606.ENSP00000360266,9606.ENSP00000410402,9606.ENSP00000430282	ATP6V0A1,EGFR,CXCL8,CASP3,MET,TJP1,JUN,MAP2K4,ATP6V1C1
hsa04024	cAMP signaling pathway	17	207	0.41	0.0018	9606.ENSP00000250559,9606.ENSP00000296526,9606.ENSP00000302486,9606.ENSP00000306245,9606.ENSP00000311405,9606.ENSP00000312999,9606.ENSP00000316244,9606.ENSP00000317985,9606.ENSP00000351957,9606.ENSP00000358963,9606.ENSP00000360266,9606.ENSP00000385523,9606.ENSP00000387699,9606.ENSP00000392043,9606.ENSP00000400175,9606.ENSP00000428056,9606.ENSP00000440045	RAP1B,GRIA2,MAP2K1,FOS,ADCY6,GNAI2,HTR1A,ROCK2,PDE3A,HTR1B,JUN,PPARA,CREB1,ATP2B1,RHOA,PIK3R1,ATP2A2
hsa05140	Leishmaniasis	9	69	0.61	0.0018	9606.ENSP00000306245,9606.ENSP00000356426,9606.ENSP00000356438,9606.ENSP00000360266,9606.ENSP00000363089,9606.ENSP00000371067,9606.ENSP00000398698,9606.ENSP00000498321,9606.ENSP00000499900	FOS,TAB2,PTGS2,JUN,TLR4,JAK2,TNF,MYD88,JAK1
hsa05144	Malaria	7	46	0.68	0.0032	9606.ENSP00000260356,9606.ENSP00000264832,9606.ENSP00000306512,9606.ENSP00000317272,9606.ENSP00000363089,9606.ENSP00000398698,9606.ENSP00000498321	THBS1,ICAM1,CXCL8,MET,TLR4,TNF,MYD88
hsa04261	Adrenergic signaling in cardiomyocytes	13	146	0.44	0.0037	9606.ENSP00000311405,9606.ENSP00000312999,9606.ENSP00000324804,9606.ENSP00000325074,9606.ENSP00000336790,9606.ENSP00000351022,9606.ENSP00000381185,9606.ENSP00000387699,9606.ENSP00000392043,9606.ENSP00000398832,9606.ENSP00000408695,9606.ENSP00000440045,9606.ENSP00000496494	ADCY6,GNAI2,PPP2R1A,PPP2R2A,ATF4,TPM1,BCL2,CREB1,ATP2B1,AGTR1,PRKCA,ATP2A2,TPM2
hsa04217	Necroptosis	13	147	0.44	0.0039	9606.ENSP00000221132,9606.ENSP00000259808,9606.ENSP00000264657,9606.ENSP00000276431,9606.ENSP00000301838,9606.ENSP00000312455,9606.ENSP00000363089,9606.ENSP00000371067,9606.ENSP00000381185,9606.ENSP00000396045,9606.ENSP00000398698,9606.ENSP00000469240,9606.ENSP00000499900	TNFRSF10A,RIPK1,STAT3,TNFRSF10B,FADD,CFLAR,TLR4,JAK2,BCL2,PLA2G4B,TNF,CHMP2A,JAK1
hsa04662	B cell receptor signaling pathway	9	78	0.56	0.0039	9606.ENSP00000234310,9606.ENSP00000256078,9606.ENSP00000302486,9606.ENSP00000306245,9606.ENSP00000358548,9606.ENSP00000360266,9606.ENSP00000378323,9606.ENSP00000405338,9606.ENSP00000428056	PPP3R1,KRAS,MAP2K1,FOS,NRAS,JUN,PPP3CA,INPP5D,PIK3R1
hsa04960	Aldosterone-regulated sodium reabsorption	6	37	0.7	0.0051	9606.ENSP00000256078,9606.ENSP00000304895,9606.ENSP00000344220,9606.ENSP00000408005,9606.ENSP00000408695,9606.ENSP00000428056	KRAS,IRS1,PDPK1,SLC9A3R2,PRKCA,PIK3R1
hsa04120	Ubiquitin mediated proteolysis	12	134	0.45	0.0052	9606.ENSP00000292211,9606.ENSP00000330341,9606.ENSP00000339109,9606.ENSP00000348056,9606.ENSP00000349156,9606.ENSP00000384109,9606.ENSP00000408292,9606.ENSP00000424827,9606.ENSP00000451261,9606.ENSP00000474725,9606.ENSP00000496577,9606.ENSP00000499786	UBE2Q1,SOCS3,ANAPC1,UBE2I,SIAH1,CUL4B,TRIM32,NEDD4,UBE2J1,FBXW7,SOCS1,ITCH
hsa05016	Huntington disease	20	295	0.33	0.0053	9606.ENSP00000219252,9606.ENSP00000222812,9606.ENSP00000262241,9606.ENSP00000269305,9606.ENSP00000287820,9606.ENSP00000296526,9606.ENSP00000307078,9606.ENSP00000311032,9606.ENSP00000330237,9606.ENSP00000351926,9606.ENSP00000354558,9606.ENSP00000355231,9606.ENSP00000362649,9606.ENSP00000365243,9606.ENSP00000387699,9606.ENSP00000404503,9606.ENSP00000430432,9606.ENSP00000439020,9606.ENSP00000446252,9606.ENSP00000448165	POLR2C,STX1A,RCOR1,TP53,PPARG,GRIA2,KIF5B,CASP3,CASP9,AP2A1,MTOR,BECN1,HDAC1,COX4I2,CREB1,BBC3,HDAC2,TUBA1A,SOD2,APAF1
hsa04330	Notch signaling pathway	7	52	0.62	0.0056	9606.ENSP00000254958,9606.ENSP00000256646,9606.ENSP00000355718,9606.ENSP00000362649,9606.ENSP00000364163,9606.ENSP00000430432,9606.ENSP00000498587	JAG1,NOTCH2,DLL1,HDAC1,NOTCH4,HDAC2,NOTCH1
hsa04974	Protein digestion and absorption	10	100	0.49	0.0056	9606.ENSP00000225964,9606.ENSP00000256689,9606.ENSP00000261037,9606.ENSP00000297268,9606.ENSP00000331902,9606.ENSP00000352798,9606.ENSP00000353654,9606.ENSP00000360882,9606.ENSP00000364000,9606.ENSP00000364979	COL1A1,SLC38A2,COL8A1,COL1A2,COL4A5,COL18A1,COL4A2,COL5A1,COL5A2,COL4A1
hsa05134	Legionellosis	7	55	0.6	0.0074	9606.ENSP00000306512,9606.ENSP00000311032,9606.ENSP00000330237,9606.ENSP00000363089,9606.ENSP00000398698,9606.ENSP00000448165,9606.ENSP00000498321	CXCL8,CASP3,CASP9,TLR4,TNF,APAF1,MYD88
hsa05416	Viral myocarditis	7	55	0.6	0.0074	9606.ENSP00000227507,9606.ENSP00000264832,9606.ENSP00000311032,9606.ENSP00000330237,9606.ENSP00000361423,9606.ENSP00000398568,9606.ENSP00000433664	CCND1,ICAM1,CASP3,CASP9,ABL1,PRF1,EIF4G2
hsa04728	Dopaminergic synapse	11	126	0.44	0.0089	9606.ENSP00000296526,9606.ENSP00000306245,9606.ENSP00000307078,9606.ENSP00000312999,9606.ENSP00000324804,9606.ENSP00000325074,9606.ENSP00000336790,9606.ENSP00000373169,9606.ENSP00000378323,9606.ENSP00000387699,9606.ENSP00000408695	GRIA2,FOS,KIF5B,GNAI2,PPP2R1A,PPP2R2A,ATF4,DRD3,PPP3CA,CREB1,PRKCA
hsa04062	Chemokine signaling pathway	14	186	0.37	0.0096	9606.ENSP00000250559,9606.ENSP00000256078,9606.ENSP00000264657,9606.ENSP00000302486,9606.ENSP00000306512,9606.ENSP00000311405,9606.ENSP00000312999,9606.ENSP00000317985,9606.ENSP00000339527,9606.ENSP00000358548,9606.ENSP00000371067,9606.ENSP00000400175,9606.ENSP00000401303,9606.ENSP00000428056	RAP1B,KRAS,STAT3,MAP2K1,CXCL8,ADCY6,GNAI2,ROCK2,FOXO3,NRAS,JAK2,RHOA,SHC1,PIK3R1
hsa05321	Inflammatory bowel disease	7	59	0.57	0.0103	9606.ENSP00000262160,9606.ENSP00000264657,9606.ENSP00000327048,9606.ENSP00000332973,9606.ENSP00000360266,9606.ENSP00000363089,9606.ENSP00000398698	SMAD2,STAT3,MAF,SMAD3,JUN,TLR4,TNF
hsa04670	Leukocyte transendothelial migration	10	111	0.45	0.0107	9606.ENSP00000250559,9606.ENSP00000264832,9606.ENSP00000295522,9606.ENSP00000312999,9606.ENSP00000317985,9606.ENSP00000361405,9606.ENSP00000400175,9606.ENSP00000408695,9606.ENSP00000428056,9606.ENSP00000495360	RAP1B,ICAM1,CLDN1,GNAI2,ROCK2,MMP9,RHOA,PRKCA,PIK3R1,CTNNB1
hsa04930	Type II diabetes mellitus	6	45	0.62	0.0113	9606.ENSP00000304895,9606.ENSP00000330341,9606.ENSP00000354558,9606.ENSP00000398698,9606.ENSP00000428056,9606.ENSP00000496577	IRS1,SOCS3,MTOR,TNF,PIK3R1,SOCS1
hsa05414	Dilated cardiomyopathy	9	94	0.48	0.0113	9606.ENSP00000200181,9606.ENSP00000293379,9606.ENSP00000296585,9606.ENSP00000311405,9606.ENSP00000351022,9606.ENSP00000398698,9606.ENSP00000440045,9606.ENSP00000452786,9606.ENSP00000496494	ITGB4,ITGA5,ITGA2,ADCY6,TPM1,TNF,ATP2A2,ITGB3,TPM2
hsa04144	Endocytosis	16	241	0.32	0.0157	9606.ENSP00000262160,9606.ENSP00000275493,9606.ENSP00000295797,9606.ENSP00000307078,9606.ENSP00000332973,9606.ENSP00000339824,9606.ENSP00000351905,9606.ENSP00000351926,9606.ENSP00000389631,9606.ENSP00000400175,9606.ENSP00000424827,9606.ENSP00000447053,9606.ENSP00000447297,9606.ENSP00000469240,9606.ENSP00000497069,9606.ENSP00000499786	SMAD2,EGFR,PRKCI,KIF5B,SMAD3,FGFR3,TGFBR2,AP2A1,ARPC1B,RHOA,NEDD4,RAB5C,TGFBR1,CHMP2A,IGF1R,ITCH
hsa04922	Glucagon signaling pathway	9	100	0.45	0.0159	9606.ENSP00000212015,9606.ENSP00000234310,9606.ENSP00000317904,9606.ENSP00000336790,9606.ENSP00000368880,9606.ENSP00000378323,9606.ENSP00000385523,9606.ENSP00000387699,9606.ENSP00000445175	SIRT1,PPP3R1,GYS1,ATF4,FOXO1,PPP3CA,PPARA,CREB1,LDHA
hsa04924	Renin secretion	7	66	0.52	0.0171	9606.ENSP00000234310,9606.ENSP00000311405,9606.ENSP00000312999,9606.ENSP00000351957,9606.ENSP00000378323,9606.ENSP00000387699,9606.ENSP00000398832	PPP3R1,ADCY6,GNAI2,PDE3A,PPP3CA,CREB1,AGTR1
hsa04145	Phagosome	11	141	0.39	0.0181	9606.ENSP00000054666,9606.ENSP00000260356,9606.ENSP00000264649,9606.ENSP00000293379,9606.ENSP00000296585,9606.ENSP00000356918,9606.ENSP00000363089,9606.ENSP00000430282,9606.ENSP00000439020,9606.ENSP00000447053,9606.ENSP00000452786	VAMP3,THBS1,ATP6V0A1,ITGA5,ITGA2,STX7,TLR4,ATP6V1C1,TUBA1A,RAB5C,ITGB3
hsa04920	Adipocytokine signaling pathway	7	68	0.51	0.0195	9606.ENSP00000264657,9606.ENSP00000304895,9606.ENSP00000330341,9606.ENSP00000354558,9606.ENSP00000371067,9606.ENSP00000385523,9606.ENSP00000398698	STAT3,IRS1,SOCS3,MTOR,JAK2,PPARA,TNF
hsa05410	Hypertrophic cardiomyopathy	8	88	0.45	0.0225	9606.ENSP00000200181,9606.ENSP00000293379,9606.ENSP00000296585,9606.ENSP00000351022,9606.ENSP00000398698,9606.ENSP00000440045,9606.ENSP00000452786,9606.ENSP00000496494	ITGB4,ITGA5,ITGA2,TPM1,TNF,ATP2A2,ITGB3,TPM2
hsa04640	Hematopoietic cell lineage	8	90	0.44	0.0252	9606.ENSP00000286301,9606.ENSP00000288135,9606.ENSP00000293379,9606.ENSP00000296585,9606.ENSP00000300060,9606.ENSP00000398632,9606.ENSP00000398698,9606.ENSP00000452786	CSF1R,KIT,ITGA5,ITGA2,ANPEP,CD44,TNF,ITGB3
hsa04666	Fc gamma R-mediated phagocytosis	8	90	0.44	0.0252	9606.ENSP00000302486,9606.ENSP00000336740,9606.ENSP00000389631,9606.ENSP00000396045,9606.ENSP00000405338,9606.ENSP00000408695,9606.ENSP00000421280,9606.ENSP00000428056	MAP2K1,LIMK1,ARPC1B,PLA2G4B,INPP5D,PRKCA,MYO10,PIK3R1
hsa04724	Glutamatergic synapse	9	112	0.4	0.0291	9606.ENSP00000234310,9606.ENSP00000256689,9606.ENSP00000296526,9606.ENSP00000311405,9606.ENSP00000312999,9606.ENSP00000378323,9606.ENSP00000396045,9606.ENSP00000408695,9606.ENSP00000449756	PPP3R1,SLC38A2,GRIA2,ADCY6,GNAI2,PPP3CA,PLA2G4B,PRKCA,SLC38A1
hsa04141	Protein processing in endoplasmic reticulum	11	163	0.32	0.0441	9606.ENSP00000216037,9606.ENSP00000250498,9606.ENSP00000254322,9606.ENSP00000262213,9606.ENSP00000306881,9606.ENSP00000336790,9606.ENSP00000337688,9606.ENSP00000350708,9606.ENSP00000381185,9606.ENSP00000451261,9606.ENSP00000480150	XBP1,DAD1,DNAJB1,TRAM1,SEC23A,ATF4,SEC62,RAD23B,BCL2,UBE2J1,HYOU1
hsa04929	GnRH secretion	6	63	0.47	0.0441	9606.ENSP00000256078,9606.ENSP00000302486,9606.ENSP00000307342,9606.ENSP00000358548,9606.ENSP00000408695,9606.ENSP00000428056	KRAS,MAP2K1,HCN1,NRAS,PRKCA,PIK3R1
hsa03420	Nucleotide excision repair	5	46	0.53	0.0446	9606.ENSP00000350708,9606.ENSP00000363286,9606.ENSP00000384109,9606.ENSP00000420176,9606.ENSP00000480186	RAD23B,POLE3,CUL4B,POLE4,POLD2
hsa04340	Hedgehog signaling pathway	5	46	0.53	0.0446	9606.ENSP00000227507,9606.ENSP00000261254,9606.ENSP00000358918,9606.ENSP00000381185,9606.ENSP00000381531	CCND1,CCND2,SUFU,BCL2,CSNK1D
hsa05014	Amyotrophic lateral sclerosis	19	350	0.23	0.0476	9606.ENSP00000216037,9606.ENSP00000234310,9606.ENSP00000269305,9606.ENSP00000277010,9606.ENSP00000296526,9606.ENSP00000307078,9606.ENSP00000311032,9606.ENSP00000329967,9606.ENSP00000330237,9606.ENSP00000336790,9606.ENSP00000354558,9606.ENSP00000355231,9606.ENSP00000365230,9606.ENSP00000365243,9606.ENSP00000378323,9606.ENSP00000381185,9606.ENSP00000398698,9606.ENSP00000439020,9606.ENSP00000448165	XBP1,PPP3R1,TP53,SIGMAR1,GRIA2,KIF5B,CASP3,TBK1,CASP9,ATF4,MTOR,BECN1,BCL2L1,COX4I2,PPP3CA,BCL2,TNF,TUBA1A,APAF1
hsa04136	Autophagy - other	4	31	0.61	0.0478	9606.ENSP00000283290,9606.ENSP00000307272,9606.ENSP00000354558,9606.ENSP00000355231	ATG3,RPTOR,MTOR,BECN1
